cifar100,predictions_caltech256_on_cifar100
49,256
33,240
72,256
51,255
71,18
92,24
15,240
14,189
23,132
0,24
71,181
75,240
81,240
69,153
40,234
43,115
92,23
97,67
70,256
53,78
70,25
49,42
75,199
29,153
21,149
16,194
39,15
8,199
8,199
70,5
20,35
61,174
41,35
93,102
56,256
73,95
58,162
11,240
25,256
37,125
63,240
24,170
49,240
73,137
56,153
22,30
41,67
58,204
75,189
17,256
4,118
6,256
9,256
57,4
2,158
32,240
71,153
52,153
42,189
69,256
77,256
27,256
15,240
65,240
7,19
35,223
43,115
82,14
63,146
92,91
66,223
90,149
67,63
91,240
32,166
32,162
82,91
10,42
77,23
22,32
71,115
78,146
54,137
6,67
29,18
89,132
78,256
33,189
11,199
67,132
22,42
18,125
27,189
21,158
13,256
21,115
50,48
75,48
37,131
35,35
26,197
83,204
47,169
95,201
43,256
69,35
76,186
17,186
57,256
59,244
25,256
20,201
27,91
0,146
9,175
71,256
8,19
43,256
57,91
56,24
85,234
10,149
19,240
92,240
33,153
20,158
21,146
50,255
70,146
46,91
11,194
16,7
1,91
74,189
33,255
91,255
60,256
64,24
52,153
23,256
4,189
11,158
52,153
37,256
24,146
95,68
25,172
39,256
51,256
58,216
58,162
77,136
18,189
59,256
45,25
66,255
58,240
20,125
24,146
4,256
36,42
8,224
87,195
10,248
30,88
47,153
54,102
99,189
51,33
83,162
9,28
37,34
4,256
83,248
95,256
83,199
32,146
73,132
18,67
40,146
39,30
64,146
22,162
80,240
28,42
28,88
40,91
95,229
98,19
83,240
12,224
24,218
45,149
13,34
94,125
24,146
58,132
63,146
7,197
87,256
6,256
78,145
68,131
60,169
6,91
23,256
44,88
31,91
80,48
93,256
73,240
98,67
49,131
90,255
97,189
59,240
2,147
67,256
16,156
81,240
94,125
27,240
76,24
77,146
12,157
18,189
0,14
76,53
79,240
71,136
89,131
57,256
47,189
24,48
65,146
0,34
32,189
36,42
82,67
31,24
23,187
24,110
34,34
21,42
11,158
53,215
80,240
44,149
4,83
39,199
91,255
16,162
36,115
68,105
50,42
97,145
58,240
31,42
6,149
42,67
80,6
76,187
89,91
55,256
19,22
91,146
70,199
1,67
6,149
62,132
99,149
51,256
96,256
83,105
42,146
18,220
67,200
66,255
40,117
62,25
78,108
84,125
28,199
89,61
30,240
66,221
18,67
38,197
42,240
92,240
27,149
11,256
86,74
44,256
96,240
12,10
16,162
67,144
43,149
89,256
96,256
12,125
40,146
7,48
86,147
77,243
76,256
31,42
18,256
28,204
19,189
18,256
41,103
42,240
43,115
31,125
93,255
15,67
10,78
8,221
37,132
89,131
32,146
67,240
12,256
2,195
19,189
91,205
94,256
7,197
71,50
36,91
61,32
62,14
5,256
60,240
45,149
91,149
34,146
95,203
9,125
40,118
68,256
62,147
99,51
66,256
46,48
7,244
10,256
10,93
68,131
34,256
37,153
58,34
48,256
40,146
96,240
14,14
11,91
66,189
64,255
39,168
33,115
94,170
63,228
10,42
89,189
92,256
90,240
65,146
90,91
33,256
28,35
29,88
87,224
86,168
7,105
0,16
94,170
11,91
26,67
6,256
41,110
21,149
69,165
27,255
29,256
67,149
85,153
65,42
40,91
57,147
72,115
30,153
74,67
27,115
3,255
49,256
52,83
95,68
40,102
93,255
77,24
91,115
6,199
57,192
72,88
16,74
98,23
89,189
40,256
96,24
71,256
3,256
2,24
66,145
27,91
8,35
53,67
33,255
55,197
81,67
88,256
96,105
68,240
42,189
77,240
10,42
27,240
32,24
79,256
98,103
18,43
51,146
2,191
19,12
31,216
67,240
36,42
10,105
16,162
5,256
81,153
85,256
26,146
85,186
65,14
22,42
55,146
85,149
22,162
22,35
10,57
18,256
98,24
9,20
26,256
27,256
7,256
5,118
58,91
87,45
76,35
2,125
54,14
38,189
33,240
17,153
6,256
0,246
79,67
97,189
14,256
14,19
73,146
79,91
8,240
42,189
4,255
25,158
37,149
75,146
74,42
41,240
0,147
99,256
79,91
87,129
67,228
72,189
38,115
25,161
49,153
3,224
74,67
69,233
36,146
77,240
89,256
71,81
31,42
50,256
90,221
11,162
2,182
41,256
38,150
58,14
47,83
93,240
68,240
11,158
35,118
67,117
54,256
53,42
30,200
36,147
83,25
54,91
64,115
46,143
45,199
98,91
62,162
46,199
95,123
88,256
37,187
18,146
29,256
63,12
8,42
33,256
35,118
6,67
76,115
19,24
99,42
53,19
15,27
57,146
2,158
27,240
27,91
93,24
81,156
54,149
71,240
26,239
25,224
35,91
30,29
72,189
8,145
42,255
62,98
56,153
78,240
47,153
73,91
43,255
20,140
83,147
63,91
49,131
28,77
26,199
45,147
36,147
36,143
68,105
1,86
2,151
99,256
9,131
65,147
38,150
58,240
96,240
38,256
87,125
82,67
22,30
83,256
41,125
7,67
12,256
10,93
35,199
44,255
81,187
91,256
56,24
9,256
24,25
3,256
30,86
1,14
39,224
98,189
72,197
83,67
80,67
43,6
84,149
66,189
4,206
64,91
77,146
98,223
82,146
81,103
20,118
0,91
48,231
46,91
33,240
22,30
13,240
17,153
39,199
76,174
0,67
17,186
64,256
48,42
90,146
93,132
82,24
75,156
96,240
97,105
3,21
83,149
60,256
61,248
32,256
26,42
84,256
41,35
12,28
85,149
12,190
8,199
82,240
72,12
94,147
7,14
22,18
15,64
66,141
89,255
97,146
19,143
0,146
19,135
5,125
56,240
36,162
45,207
1,30
94,256
66,204
86,82
82,102
17,85
64,115
99,35
34,151
30,24
73,36
83,42
6,256
1,91
28,35
77,146
91,25
74,146
68,256
14,199
14,189
1,240
92,58
97,149
45,146
7,91
21,146
37,125
32,42
73,240
88,42
86,192
92,256
14,189
86,23
74,255
25,224
93,34
78,42
77,88
88,199
42,91
10,18
65,256
26,21
31,240
85,240
78,197
29,153
32,255
81,169
97,189
1,240
82,256
0,205
21,256
15,95
56,240
57,146
97,249
76,224
60,132
87,256
46,204
1,149
61,248
75,256
62,67
21,189
61,30
78,199
90,256
68,256
94,256
88,42
95,131
3,150
83,103
32,146
93,240
77,42
38,83
63,115
61,102
41,101
88,42
83,67
35,42
82,102
50,146
15,104
48,199
25,91
4,149
71,256
8,125
98,143
67,91
7,19
85,14
25,199
96,240
60,132
55,240
80,104
13,131
90,256
54,91
15,24
76,10
39,95
95,121
24,199
7,105
64,91
70,91
88,240
81,147
0,91
12,68
64,256
31,199
79,199
86,196
60,256
22,30
38,256
82,256
14,256
48,162
33,240
55,24
53,42
40,256
1,146
58,256
94,224
70,91
29,240
86,4
23,115
46,158
58,147
99,197
78,199
10,32
53,25
37,24
97,256
65,25
15,229
77,149
52,187
63,146
32,137
6,240
36,143
6,256
7,117
36,199
74,146
13,182
22,88
32,256
54,205
62,34
84,199
57,147
25,115
11,204
62,229
85,240
31,150
26,110
16,35
96,153
71,132
90,204
39,256
20,51
47,240
35,118
19,91
52,256
66,24
32,91
53,147
53,77
21,143
98,204
6,149
88,146
71,132
45,199
98,132
55,240
99,185
24,168
93,199
67,91
33,256
16,162
33,256
9,162
10,146
46,118
68,240
24,168
96,34
22,30
40,91
63,24
53,91
10,34
14,256
41,125
77,40
54,14
84,49
20,234
29,21
76,186
36,146
1,14
26,125
99,158
2,158
96,240
69,256
36,35
18,67
90,91
66,188
52,153
37,256
99,162
97,91
12,186
55,256
15,88
85,146
15,147
16,162
33,256
99,130
80,256
28,162
69,16
51,255
72,146
39,194
8,199
56,153
59,240
15,102
21,158
77,256
45,256
21,240
80,256
89,256
37,243
48,103
47,153
56,24
65,240
96,169
14,205
52,115
2,162
60,256
9,104
68,132
22,42
23,68
44,256
19,240
54,91
97,256
23,132
54,205
62,91
56,256
23,149
42,128
81,252
66,255
87,192
47,256
47,240
45,199
42,67
51,146
10,9
35,256
68,169
13,125
55,88
34,256
74,146
47,153
40,256
51,255
6,149
3,149
76,158
52,256
53,91
34,67
60,256
63,240
28,5
24,110
36,162
69,256
82,186
90,131
70,146
75,169
77,146
43,256
43,105
78,256
81,35
80,256
66,91
35,143
84,146
21,158
49,115
96,240
15,256
37,240
2,14
89,256
36,12
9,153
53,114
91,256
65,67
67,240
94,256
40,135
72,240
90,240
86,18
85,149
30,88
92,255
25,204
60,199
2,256
29,146
0,91
9,28
37,256
1,240
50,42
90,216
27,67
52,161
36,189
48,199
71,29
12,125
97,21
0,16
3,115
41,231
21,199
16,87
51,204
72,151
13,147
63,146
81,147
73,146
55,88
30,240
28,23
10,42
84,34
8,199
6,67
9,256
93,64
2,256
78,42
26,204
16,172
17,199
39,146
67,256
20,162
3,240
81,145
26,189
96,186
45,150
15,110
29,67
57,149
60,240
49,256
36,146
23,132
63,48
72,256
19,131
41,162
55,146
26,24
25,192
49,153
28,256
20,192
33,243
7,146
45,113
7,255
89,199
1,204
90,256
42,137
15,256
23,91
93,91
96,221
59,83
29,104
29,102
75,146
93,162
8,169
70,195
48,35
82,132
84,256
81,131
72,161
38,146
80,146
63,189
76,187
4,24
54,162
60,58
1,256
49,256
1,99
92,24
77,243
30,206
98,143
62,34
25,256
26,21
55,256
25,125
21,14
25,224
82,220
80,146
19,61
93,146
35,91
61,256
81,61
69,199
9,35
91,48
96,153
34,240
23,241
9,182
0,16
28,18
51,19
91,189
65,146
33,256
5,53
13,91
52,153
58,42
65,118
32,24
37,199
63,240
61,60
19,244
2,147
49,240
64,189
58,181
93,91
62,24
52,240
53,42
41,181
33,215
84,199
22,98
67,256
44,256
95,68
24,48
46,158
98,253
31,153
83,147
16,192
2,158
47,199
51,162
3,240
18,67
60,256
38,67
95,256
89,240
11,255
63,24
15,67
49,47
63,149
85,166
12,153
38,115
66,151
99,34
72,67
83,42
12,244
93,24
51,146
21,42
47,149
21,146
43,34
77,240
55,48
36,91
57,199
69,131
5,125
29,105
41,185
14,240
41,240
77,256
58,256
60,256
45,162
88,42
19,91
19,216
48,24
5,21
81,131
69,256
77,95
60,132
88,189
92,67
31,256
34,147
36,42
30,240
64,149
82,195
88,240
7,19
38,88
57,256
92,91
23,108
11,118
41,146
38,24
90,19
76,256
28,42
24,213
6,256
84,35
76,199
88,67
28,199
98,204
96,256
93,256
64,146
45,149
54,240
26,151
79,24
70,24
46,158
89,108
89,199
64,255
93,147
39,256
53,25
36,256
50,256
56,256
84,125
46,158
13,199
5,161
51,21
5,158
56,256
68,240
70,36
92,240
93,199
28,162
18,256
37,5
50,146
81,224
67,149
41,168
35,67
99,256
41,168
79,256
90,61
59,132
59,153
35,158
16,102
17,256
64,146
90,132
96,240
3,24
88,91
3,147
45,197
0,16
68,240
33,256
49,132
0,91
18,256
22,30
72,6
4,79
66,146
5,199
46,146
79,67
70,58
9,245
49,156
34,256
48,256
71,206
37,224
42,249
6,255
91,256
58,162
42,256
17,224
1,240
5,256
65,256
5,34
38,240
47,153
38,162
63,42
61,248
28,157
99,125
20,182
88,67
50,91
53,256
97,146
59,153
78,255
35,34
50,149
6,131
98,18
33,24
65,42
23,115
68,256
26,147
96,240
17,186
65,256
47,240
12,168
94,256
81,162
76,68
91,48
72,48
35,189
18,67
96,216
92,149
98,256
19,256
0,146
43,189
50,146
43,118
44,146
73,24
4,256
53,256
37,221
8,149
25,246
52,234
29,149
44,240
12,83
38,115
5,125
25,256
41,7
81,199
23,220
68,146
59,256
81,169
43,67
8,42
11,147
18,79
92,24
5,252
34,146
48,35
80,24
25,78
31,146
8,146
88,255
10,52
50,255
76,186
50,256
95,240
94,170
83,240
52,153
44,199
16,162
99,91
68,240
28,215
15,143
47,240
34,256
57,256
13,143
22,30
9,158
90,125
50,189
34,91
43,255
20,125
87,181
91,229
80,115
9,245
17,240
19,47
57,4
14,256
27,189
46,158
13,99
44,256
24,136
10,146
84,24
4,151
56,256
29,240
29,256
51,91
78,256
62,25
53,42
17,221
28,231
28,25
11,204
65,64
48,162
48,10
12,125
55,33
66,24
98,201
8,199
94,256
25,34
70,14
54,256
12,83
86,156
3,256
76,168
13,118
2,199
7,35
91,149
55,161
45,162
51,146
53,146
28,256
9,256
87,158
13,35
30,189
58,34
61,42
31,67
70,91
39,81
3,146
47,24
34,189
26,189
50,192
59,256
64,151
37,256
92,240
14,189
26,35
37,82
94,256
29,6
15,149
63,91
7,240
32,137
9,36
43,189
12,256
27,255
78,199
97,91
55,240
11,3
69,91
66,151
31,240
20,125
54,146
45,91
86,100
84,67
55,256
3,189
6,34
54,67
69,169
47,256
62,22
57,73
85,255
30,56
16,199
11,25
82,19
65,240
59,24
81,125
39,190
79,24
25,180
44,215
16,194
23,240
17,224
49,213
69,169
74,256
63,189
10,111
56,256
43,30
22,137
11,172
9,218
17,186
31,169
52,186
52,24
36,149
58,162
79,256
42,256
32,256
15,149
15,256
79,256
56,256
3,240
77,256
57,91
5,256
76,115
84,149
47,153
79,256
64,146
3,212
22,74
84,240
15,256
83,16
19,256
64,145
61,32
33,256
16,256
76,186
96,153
87,256
92,256
39,88
60,88
59,131
74,146
27,34
68,256
7,256
23,240
42,189
47,199
2,146
20,228
80,240
24,105
17,35
12,256
55,83
13,162
17,153
67,256
21,67
42,189
21,256
46,189
79,189
21,240
61,77
64,24
41,125
16,162
40,240
54,14
70,14
65,147
84,125
64,240
37,256
59,153
92,14
71,131
17,132
96,149
94,256
39,137
93,67
79,256
34,67
26,223
33,240
24,95
12,125
53,34
88,149
20,199
47,240
98,34
25,131
45,162
25,164
61,32
56,153
68,240
27,256
13,147
92,146
12,125
46,158
76,149
67,149
27,256
2,224
78,256
48,162
3,240
98,189
20,199
8,42
43,138
57,205
63,67
7,146
10,42
47,153
46,125
52,240
90,115
69,220
78,67
15,256
78,255
29,255
61,30
5,129
30,256
86,100
85,256
33,29
10,71
44,115
34,240
24,87
56,256
61,57
62,147
38,111
72,88
44,256
53,199
7,105
38,206
17,240
40,19
91,48
83,158
82,67
10,30
21,256
30,200
65,162
47,153
57,147
16,129
81,256
30,153
72,115
96,256
88,149
62,206
95,256
27,197
61,42
2,158
50,67
21,255
87,199
5,125
69,165
37,224
59,35
0,16
78,146
20,161
85,240
54,24
53,136
73,165
69,256
3,256
35,146
49,132
33,240
73,240
99,63
97,67
89,25
3,256
54,91
90,256
45,147
11,204
1,147
51,146
28,189
79,189
47,149
54,199
83,256
40,35
14,256
26,149
27,86
12,256
42,256
44,256
29,151
59,83
8,147
17,221
56,67
46,158
80,14
1,255
82,153
51,256
34,149
86,82
96,240
86,100
93,42
38,189
20,159
19,125
2,205
20,35
91,21
55,149
65,146
64,115
90,125
70,240
34,256
11,24
55,21
68,256
52,153
6,240
79,220
22,189
22,228
86,60
10,42
1,220
75,67
48,4
5,125
90,47
67,115
99,256
33,146
82,256
76,28
51,189
92,146
65,91
77,146
70,91
12,256
91,91
83,34
95,6
48,240
52,153
30,256
49,256
11,25
3,115
17,187
80,256
94,256
29,4
87,199
49,168
64,189
57,234
42,189
95,200
28,115
16,162
99,146
46,102
31,216
25,256
2,162
95,115
21,189
83,146
59,149
56,24
28,102
17,153
53,199
71,256
7,256
94,60
53,34
89,35
10,256
28,199
7,192
36,189
79,186
53,147
87,116
43,256
76,131
69,197
22,173
17,186
6,256
53,199
68,256
44,240
89,153
15,189
80,256
45,147
95,256
37,256
80,189
28,158
13,129
23,43
52,153
24,110
21,240
55,240
99,202
98,106
21,105
59,153
9,246
81,224
88,256
93,249
61,30
17,256
44,137
49,256
81,34
78,228
94,125
40,256
60,240
80,255
58,147
4,256
88,118
18,256
24,149
36,147
26,146
74,255
88,67
56,256
3,243
65,164
0,248
43,240
22,93
47,61
65,115
22,129
69,35
9,158
78,256
4,240
69,125
46,204
97,220
29,256
18,256
64,149
98,204
65,216
36,149
94,15
84,189
91,19
20,256
36,256
50,105
76,234
29,24
63,67
6,147
30,48
99,192
55,204
21,240
38,146
83,220
67,256
31,228
49,132
39,168
66,240
66,255
53,42
54,14
41,19
36,24
61,42
88,42
30,256
19,115
95,122
41,110
89,199
19,48
46,158
78,42
37,131
31,240
22,201
2,110
78,67
13,32
73,149
51,42
95,240
2,146
38,150
98,199
28,125
18,102
42,240
7,256
88,105
61,36
12,186
8,129
92,199
41,204
33,256
65,189
17,153
51,255
99,19
35,103
67,206
63,21
63,24
9,38
58,240
96,256
77,42
1,34
36,151
53,91
83,204
13,105
98,256
21,240
35,118
39,3
49,240
81,199
35,91
3,158
77,42
89,91
30,256
85,230
59,153
48,158
98,91
38,67
80,149
39,255
82,82
43,42
12,256
21,240
18,256
25,105
5,256
25,256
63,12
78,256
4,256
40,98
29,115
15,220
39,147
49,240
93,256
39,1
77,146
69,256
53,42
64,256
12,125
57,149
5,256
17,169
97,189
37,186
48,42
79,240
5,256
83,136
16,150
41,255
48,162
54,256
79,199
67,146
73,60
0,91
19,240
14,256
29,162
84,21
48,234
36,147
76,234
95,256
20,125
59,186
57,25
67,105
6,105
71,240
21,24
7,79
91,4
92,158
87,161
91,256
16,19
86,25
58,14
89,147
97,146
83,4
72,88
85,132
41,162
3,146
20,180
10,14
74,256
49,86
63,67
91,115
56,24
92,67
19,104
64,125
28,162
11,255
41,216
81,256
90,115
89,103
86,226
22,4
41,137
50,199
27,149
87,199
21,67
34,255
36,42
90,204
94,162
71,43
31,240
62,147
95,165
33,256
38,150
95,48
41,256
24,105
89,256
15,151
81,204
8,128
48,221
30,88
52,256
79,91
20,256
68,256
16,162
78,149
45,199
31,153
66,206
52,14
43,240
20,129
98,199
24,192
71,256
49,131
44,162
46,240
62,67
22,42
11,24
89,132
99,42
73,256
26,105
53,42
10,146
41,24
12,256
2,256
4,91
39,34
19,256
56,256
74,256
79,24
73,91
46,228
3,240
22,42
6,24
59,153
54,197
87,82
2,146
87,256
49,240
91,256
37,125
53,24
51,256
7,4
99,110
13,125
25,34
66,24
80,115
22,132
73,146
83,14
14,256
42,240
86,53
22,57
90,216
74,229
24,234
84,25
91,135
97,256
88,240
4,151
26,199
22,239
19,189
67,146
73,240
84,240
98,256
6,67
35,256
29,42
51,14
59,61
62,91
60,240
68,256
44,256
83,42
0,91
41,101
90,14
48,103
82,67
67,91
28,60
28,91
71,153
79,192
43,146
17,255
5,244
17,186
7,12
84,125
57,91
27,256
57,256
68,240
26,162
59,153
4,240
87,162
99,78
3,42
66,189
38,256
15,256
75,67
20,4
47,14
0,146
14,199
85,256
62,25
55,256
63,240
69,86
3,14
77,125
73,48
38,64
59,240
52,153
84,61
37,256
60,256
21,146
96,240
68,95
16,162
19,161
40,136
70,14
61,248
10,146
57,189
81,21
68,256
12,240
10,146
38,256
10,42
47,61
76,68
11,118
72,256
23,163
1,67
14,189
31,131
30,147
93,149
54,91
9,204
15,187
2,256
26,67
65,146
32,165
12,153
58,106
73,149
76,131
95,125
67,240
95,122
26,35
92,14
47,147
84,256
29,67
51,146
44,256
45,34
60,256
34,143
97,145
1,146
93,146
97,256
19,146
19,12
92,23
69,240
65,91
95,256
78,143
5,35
34,146
76,168
25,256
50,143
30,95
69,158
59,153
34,256
77,256
46,158
66,42
31,147
73,149
87,162
90,149
18,240
6,256
38,240
81,170
25,137
81,131
64,115
70,108
37,35
76,168
31,67
0,17
90,125
32,47
5,125
56,131
41,182
80,256
5,137
52,153
51,256
25,103
20,158
61,57
98,125
20,125
32,42
35,118
5,115
72,88
61,52
43,42
58,14
36,212
99,248
60,256
70,205
38,67
59,240
26,51
56,256
78,256
83,102
23,187
52,153
32,256
54,14
33,240
61,248
49,240
53,248
15,162
50,105
3,24
12,244
86,110
55,240
58,240
5,177
30,48
26,146
10,147
0,32
11,22
9,199
33,240
53,19
33,181
94,256
46,91
99,34
34,42
1,149
17,166
63,216
69,131
66,83
37,255
67,149
40,256
93,149
24,110
82,162
23,115
30,115
66,189
30,91
11,91
11,204
94,107
88,118
37,240
29,151
46,149
95,88
54,91
41,103
6,181
19,55
22,30
3,240
32,146
55,143
53,77
72,187
33,240
20,83
63,67
12,125
64,146
23,240
22,86
75,10
8,256
33,240
66,88
55,189
72,256
73,256
84,147
13,156
96,240
65,256
22,170
0,248
19,91
80,256
23,169
85,224
68,256
86,116
37,61
81,168
35,118
98,147
8,256
23,149
76,158
74,256
89,86
60,256
69,83
96,24
32,91
29,143
64,161
9,35
16,20
0,146
74,255
17,256
54,256
62,146
6,256
34,146
65,5
8,42
46,256
67,30
53,198
23,187
78,249
61,30
26,149
64,240
25,125
70,14
96,149
67,149
22,5
45,146
65,199
96,149
79,199
23,132
76,187
26,147
57,256
16,256
64,143
34,255
82,102
66,24
83,170
72,255
71,256
9,162
60,153
35,66
43,146
29,256
93,149
58,256
94,20
5,158
83,34
92,36
26,146
39,42
86,162
93,255
16,256
85,181
27,256
76,147
89,35
42,240
18,125
14,256
4,240
73,149
71,256
20,256
20,199
16,199
51,146
88,199
5,35
25,256
64,189
59,240
77,256
22,199
3,240
68,256
28,256
44,189
13,189
73,158
98,118
52,153
44,255
99,195
17,147
31,256
50,199
87,82
44,34
85,127
58,256
57,146
45,204
28,218
5,246
11,91
81,125
46,149
67,149
96,153
69,240
19,256
55,256
75,256
31,240
97,149
66,105
51,256
71,132
29,146
4,156
89,187
99,256
67,240
39,199
52,186
59,186
12,91
96,256
16,162
36,24
64,240
27,115
81,204
37,224
11,91
85,187
50,146
35,91
78,42
6,146
72,149
70,14
74,115
42,83
0,198
41,172
39,256
87,162
80,256
44,48
47,153
95,178
10,199
21,23
63,146
55,24
69,187
20,25
85,131
78,256
23,189
13,153
92,91
98,162
84,125
75,67
10,246
4,147
52,149
55,256
61,42
89,67
57,146
50,189
42,189
40,199
91,91
88,146
73,97
49,132
20,5
2,118
16,162
26,149
91,158
88,162
85,256
28,234
27,189
83,91
54,146
65,256
71,81
77,67
13,162
56,24
76,131
37,125
3,146
72,151
63,240
46,35
75,206
90,240
26,33
60,240
49,240
50,42
15,256
2,149
78,42
94,199
86,125
25,256
11,256
13,131
4,221
40,7
47,83
44,115
90,256
95,33
78,256
7,67
78,192
39,54
40,81
69,91
72,48
64,240
47,149
60,240
78,210
36,159
75,97
36,146
82,256
88,83
38,256
36,216
81,169
72,256
50,38
2,146
52,153
68,240
44,146
6,199
53,176
56,256
32,255
46,256
34,146
83,91
74,24
19,86
43,256
77,91
87,125
26,103
63,189
5,256
79,199
85,146
38,91
80,256
59,131
5,125
73,19
32,208
15,146
24,192
93,24
2,204
88,189
49,149
11,118
38,243
62,14
7,42
6,24
61,32
27,256
5,125
41,103
37,256
10,210
43,42
69,169
21,240
73,200
68,4
88,21
10,42
65,192
4,146
47,153
59,153
20,256
35,145
2,18
88,35
83,195
72,188
4,256
3,189
60,29
82,256
61,229
68,169
92,25
22,192
84,35
87,256
32,149
91,42
38,240
36,146
9,172
63,146
57,91
50,249
97,91
27,256
34,67
69,113
1,103
82,256
13,255
84,217
15,243
97,240
22,199
27,240
18,256
79,256
98,60
74,189
97,146
13,173
78,24
88,248
98,158
78,256
5,91
4,67
17,72
60,153
44,14
69,256
53,205
37,99
82,24
44,146
3,67
24,19
27,67
6,199
38,240
35,158
21,147
0,91
16,228
84,125
11,158
41,125
98,118
89,34
99,256
31,83
46,256
68,24
47,61
47,240
11,146
95,112
70,162
23,243
58,158
50,146
27,146
8,199
47,149
27,79
3,240
68,168
53,42
34,189
68,256
96,240
53,42
19,118
70,16
21,37
90,240
11,118
21,216
4,146
1,67
53,91
29,42
93,88
14,67
91,256
71,81
88,14
98,118
89,131
27,240
71,169
64,228
94,129
61,42
20,125
83,34
3,67
38,67
99,110
5,256
11,67
84,146
88,204
6,146
67,148
5,125
31,24
65,151
59,153
30,88
97,146
64,99
46,158
22,32
51,239
25,199
18,146
78,42
56,240
88,125
24,110
5,25
22,103
15,42
67,149
15,24
2,146
60,256
41,158
11,189
70,256
76,61
81,153
89,34
24,216
30,220
50,189
0,4
75,67
63,24
9,118
36,240
20,5
7,201
74,42
24,110
73,149
32,241
35,204
82,199
87,46
31,28
14,19
73,240
47,67
65,42
77,149
51,220
61,42
30,240
32,158
66,256
29,48
97,189
16,162
0,198
82,146
43,83
23,149
89,256
9,256
16,3
68,256
2,48
45,122
44,67
23,132
38,240
56,91
40,199
35,158
73,255
0,220
88,147
23,256
7,91
42,240
77,189
9,146
35,67
96,24
83,205
94,41
3,189
90,256
75,256
38,256
14,146
71,240
36,146
3,149
78,256
21,240
13,204
48,217
83,91
50,21
79,240
55,146
33,153
21,42
60,216
8,35
84,143
92,24
6,91
51,149
25,196
27,115
86,100
27,256
8,118
21,158
12,256
44,256
75,189
27,147
50,149
80,189
54,24
94,199
48,240
41,193
53,199
14,93
55,206
53,16
12,35
7,88
46,10
95,115
38,150
67,149
0,248
72,88
11,204
27,256
1,256
73,79
25,256
47,240
42,255
75,256
81,256
69,156
10,42
24,256
87,199
35,35
69,205
86,18
59,153
84,147
63,150
86,146
23,149
82,199
14,67
10,162
26,151
62,91
6,246
10,146
17,131
76,256
56,153
63,67
85,240
99,125
64,71
7,110
42,256
24,110
13,70
6,256
37,125
16,194
33,240
48,162
44,146
80,115
19,240
82,102
46,189
33,115
31,240
86,121
59,67
3,67
9,245
57,146
54,102
43,24
35,91
93,146
62,14
88,83
64,256
78,229
45,199
36,146
1,115
43,67
34,146
71,88
87,125
39,168
18,67
57,158
67,132
4,240
73,53
41,162
76,205
73,149
43,255
94,21
25,199
63,240
71,240
15,131
52,153
38,240
30,256
64,147
30,169
23,132
35,192
74,256
36,256
76,234
96,240
17,131
31,104
76,49
88,199
3,146
63,145
2,158
77,256
49,241
92,199
17,240
80,42
89,240
3,24
88,249
26,105
41,35
79,256
32,256
62,146
55,189
20,146
98,143
26,25
17,199
1,256
32,143
43,146
85,256
72,149
59,153
24,110
13,144
31,79
14,256
42,146
40,11
33,137
20,131
68,256
23,132
62,36
24,4
55,157
10,42
22,174
70,25
79,137
73,132
45,146
84,35
9,245
70,205
96,14
97,256
33,149
67,132
21,67
90,125
62,256
57,91
25,137
54,146
69,256
40,199
41,125
93,240
9,245
83,103
7,88
25,42
13,199
90,157
16,34
12,256
48,192
50,253
37,256
49,186
60,256
36,21
37,256
39,187
65,146
91,189
70,195
90,255
99,256
10,210
4,256
21,228
48,256
36,149
31,256
66,146
5,4
92,67
93,256
60,91
50,240
93,256
28,215
49,256
32,204
79,256
98,30
86,100
30,132
64,115
18,110
44,256
13,147
99,154
27,256
69,166
87,74
6,240
22,42
50,256
90,34
71,169
20,17
91,256
90,255
71,131
49,169
42,61
57,205
20,1
63,240
67,149
12,132
91,143
39,137
20,103
73,240
52,240
69,125
56,153
10,220
51,189
44,91
62,158
62,34
43,256
30,256
6,162
99,256
35,24
79,132
35,199
9,102
20,125
79,24
15,150
87,256
37,125
20,158
60,256
33,153
67,67
92,256
73,215
88,147
38,161
90,103
70,14
77,146
84,142
16,57
18,256
80,146
51,91
42,189
68,240
18,256
24,146
19,240
6,24
57,146
21,181
42,255
39,199
10,57
20,125
9,158
4,146
51,146
1,256
14,189
53,91
7,147
60,256
53,162
90,14
43,199
62,162
38,42
76,125
84,125
46,189
32,86
54,146
34,67
29,255
65,150
72,240
65,24
10,36
25,129
7,215
48,199
90,125
94,34
42,240
4,149
55,115
99,255
68,91
6,67
24,42
82,91
43,255
71,132
31,104
75,256
26,42
49,115
98,228
25,195
62,146
73,91
2,149
81,256
99,199
11,146
31,67
82,153
56,24
3,240
88,256
62,91
8,170
73,256
20,228
44,256
80,104
89,21
0,42
23,105
16,199
96,149
24,146
26,197
93,220
6,256
53,136
93,151
19,149
49,169
11,118
45,199
27,146
26,149
82,34
84,91
28,228
1,103
56,153
26,35
57,204
60,256
18,91
55,147
71,153
56,113
47,256
21,99
36,256
9,170
41,240
24,110
75,240
5,243
32,199
12,187
57,91
84,137
76,28
65,146
12,168
21,181
23,189
76,158
29,67
57,91
75,256
32,73
25,34
96,24
56,256
49,199
8,42
19,118
98,67
39,256
71,256
46,158
3,195
41,256
64,42
37,221
8,145
13,256
99,256
31,146
35,158
52,153
73,88
89,199
2,189
54,24
97,35
73,132
95,256
1,256
12,255
0,147
51,91
23,256
73,102
72,6
83,42
74,67
1,91
12,82
38,256
51,147
29,224
77,48
44,256
18,4
10,42
16,181
43,34
0,241
7,110
70,18
17,61
3,115
6,24
83,25
65,189
0,192
46,118
85,35
62,108
18,256
81,256
40,162
48,103
4,147
2,115
21,30
24,210
95,88
53,147
89,24
50,189
35,256
98,161
32,256
58,161
97,149
56,153
78,42
60,147
79,146
84,199
28,35
46,158
90,153
43,149
9,36
42,146
84,147
59,256
27,252
17,131
62,240
23,149
31,153
11,110
48,228
82,14
87,132
28,232
14,67
99,210
13,199
66,14
35,11
42,189
20,25
2,199
16,24
68,256
23,125
93,146
79,256
87,20
41,5
2,143
96,24
39,36
49,131
57,189
96,24
12,131
38,256
65,240
39,256
93,121
83,256
32,162
19,189
8,199
53,42
69,256
72,61
23,115
29,162
43,115
88,91
11,91
96,240
62,199
54,34
2,162
73,149
34,24
48,162
34,83
34,255
94,41
88,255
67,256
71,12
97,256
7,110
35,91
77,146
95,256
44,118
45,146
27,256
80,150
84,34
99,35
52,153
92,36
70,149
16,159
88,83
25,148
58,91
79,256
54,91
73,43
50,146
47,14
51,147
78,249
26,149
50,240
17,256
86,18
72,25
87,125
34,91
47,240
25,256
72,157
29,21
95,48
86,201
92,89
78,189
3,150
28,146
58,131
66,115
78,115
38,149
22,145
66,249
95,88
45,132
97,255
65,30
54,91
71,153
70,24
80,12
85,102
28,35
41,204
71,86
64,146
75,228
90,189
7,110
37,252
23,186
54,199
84,256
86,103
8,199
22,248
51,256
75,224
26,162
11,158
3,256
46,158
64,256
92,102
55,256
39,186
66,146
86,100
85,161
0,91
8,256
27,240
57,36
13,181
94,256
40,256
61,174
94,256
17,28
11,3
1,147
4,146
49,81
77,91
0,16
1,146
80,256
48,19
39,256
55,115
38,221
12,244
35,91
12,153
78,110
87,204
11,204
0,53
95,88
90,131
10,42
88,147
10,93
97,256
48,240
63,189
51,146
52,24
47,240
85,240
69,132
65,172
81,221
30,165
51,67
69,125
28,256
4,256
31,240
97,149
48,210
64,192
80,256
0,32
0,217
5,146
45,240
13,199
90,256
85,42
56,153
51,256
34,48
44,256
91,256
85,35
56,67
10,256
46,195
93,149
77,146
81,125
82,103
18,146
66,255
56,153
49,186
0,91
70,204
63,228
99,256
14,189
5,256
26,162
24,256
86,100
64,42
55,256
1,149
94,175
74,189
6,149
25,156
52,153
90,224
5,125
40,193
41,25
49,47
76,125
19,256
44,189
49,234
57,193
85,149
63,23
91,146
63,67
94,125
55,256
59,169
21,256
59,131
47,240
31,243
60,131
44,42
25,147
11,150
97,42
96,153
3,240
46,125
85,189
56,256
34,118
50,240
41,174
87,162
38,115
83,205
45,24
77,240
15,146
47,153
68,240
46,178
87,158
61,248
69,91
49,229
86,146
89,241
36,24
59,256
67,149
54,256
72,104
3,256
62,199
60,131
97,147
40,199
69,113
4,115
94,170
65,153
39,252
87,242
48,103
93,115
38,256
67,220
26,240
1,255
10,156
41,181
47,153
78,256
87,82
13,161
11,158
57,234
45,256
39,42
8,25
55,256
21,4
65,147
97,115
90,131
98,255
63,14
78,189
44,146
44,256
15,143
53,199
97,110
13,240
9,146
75,88
73,146
84,146
84,161
48,35
12,256
25,162
7,255
90,255
7,192
55,22
90,199
86,102
67,149
54,256
77,189
60,108
9,256
54,256
34,67
68,256
25,18
71,240
20,125
89,88
24,256
84,256
4,146
59,221
26,199
18,146
37,153
98,125
64,24
74,146
94,225
5,256
43,162
97,42
23,115
93,189
15,240
17,186
1,149
58,115
31,256
8,256
45,255
28,256
23,132
19,104
88,42
87,242
82,256
26,147
33,115
63,240
16,36
13,103
91,256
76,256
76,186
38,149
10,30
70,240
17,221
78,248
56,132
75,115
57,91
79,24
90,115
38,149
51,146
27,83
71,240
96,256
6,255
40,199
51,256
47,153
37,224
41,101
66,255
67,118
41,256
82,153
14,78
23,83
6,117
98,158
11,162
7,23
65,256
64,255
40,215
15,227
1,24
29,117
38,6
75,23
40,7
31,28
60,256
79,51
63,91
6,256
36,135
31,249
21,125
52,153
71,240
1,199
61,42
34,83
34,145
77,146
35,118
37,252
7,256
70,14
20,181
93,105
41,25
92,4
87,82
46,149
30,256
30,256
46,204
85,35
32,178
14,256
51,42
24,146
5,256
49,132
61,42
89,34
48,162
98,256
7,146
94,256
37,67
94,4
94,82
52,131
11,95
61,60
41,168
50,255
84,91
76,85
18,256
64,228
80,24
62,137
11,67
41,182
69,84
34,83
2,91
45,147
62,162
87,125
99,116
45,197
2,204
27,189
91,146
19,240
56,153
20,125
92,36
54,91
75,104
9,256
83,91
27,146
95,201
49,205
14,256
2,125
43,113
96,153
95,165
66,42
81,147
9,25
44,240
99,25
87,82
79,34
11,189
59,153
18,115
62,256
96,240
94,125
49,132
47,240
72,240
26,255
71,240
76,166
21,91
81,82
30,240
99,162
64,91
92,240
0,16
6,189
74,146
82,19
13,240
69,256
8,199
3,256
74,255
89,61
11,189
16,60
92,18
79,256
86,194
72,83
95,88
38,146
42,240
65,256
61,76
68,256
17,153
41,21
49,240
20,228
4,255
75,146
48,25
13,231
60,115
67,256
62,14
17,187
37,189
32,91
59,83
59,83
38,256
70,117
79,256
11,158
49,240
44,256
0,198
26,86
45,240
48,181
1,132
33,240
57,91
10,147
37,125
97,91
44,4
43,256
63,24
55,67
37,256
20,34
49,256
19,240
16,129
26,256
21,147
79,256
40,91
68,240
74,146
95,149
46,118
94,256
68,256
13,35
22,57
83,240
46,199
74,255
35,158
60,199
11,189
21,115
34,220
39,28
65,4
13,67
20,159
21,104
99,199
68,256
88,67
93,240
49,83
69,187
17,186
55,240
81,170
63,147
14,256
73,149
17,35
13,115
95,256
99,146
61,35
24,192
22,162
23,132
94,256
33,153
90,256
8,216
68,256
52,67
20,110
64,115
54,240
53,78
3,24
4,256
88,256
53,25
27,256
5,137
47,240
97,189
5,195
35,146
71,169
54,256
54,146
17,187
56,67
54,67
15,21
69,256
65,146
24,197
42,240
8,53
72,67
77,110
75,189
66,146
93,149
94,170
27,256
98,158
75,146
44,256
37,256
8,199
10,32
84,256
72,256
34,83
37,162
2,149
86,181
20,125
90,256
49,256
95,59
29,147
34,255
46,110
43,118
72,240
18,67
51,199
87,158
18,240
41,110
93,115
72,256
95,149
19,24
34,147
42,132
79,240
79,256
17,224
73,162
97,42
45,67
97,197
29,255
86,104
29,35
0,25
19,189
12,125
91,256
75,146
97,189
50,6
13,21
61,57
74,42
85,168
29,256
67,189
50,180
43,83
50,189
3,27
25,51
13,98
50,146
56,240
60,256
30,112
61,217
34,91
84,256
1,240
58,91
35,35
4,115
77,256
42,255
22,35
87,82
38,146
11,172
9,102
32,256
12,131
50,146
8,162
96,153
61,32
9,91
43,67
9,246
58,181
92,162
32,34
32,158
25,256
0,16
34,84
75,150
68,24
27,256
15,146
0,42
38,147
10,42
3,255
44,149
30,240
43,153
59,256
50,146
40,210
67,19
76,220
49,256
98,42
57,146
16,34
56,153
84,162
75,256
50,146
90,153
10,30
83,162
22,52
59,61
93,149
36,103
51,181
6,256
74,240
82,24
1,181
97,42
12,256
79,165
49,240
94,256
39,135
25,125
98,162
10,189
58,132
79,19
54,256
64,189
1,256
24,244
46,158
51,240
45,189
70,91
29,149
96,67
2,158
7,234
95,88
27,256
83,147
89,153
7,256
52,131
24,137
49,186
5,35
80,91
53,149
75,115
55,256
14,240
15,91
69,256
51,105
24,146
19,24
2,118
68,256
24,256
75,189
75,146
41,125
13,192
44,199
41,255
31,240
74,240
18,146
43,21
0,248
13,149
15,150
7,165
17,186
83,67
92,199
79,240
34,146
74,204
86,100
20,125
50,146
72,118
14,256
86,134
88,256
98,255
4,255
77,146
1,67
79,256
12,18
87,20
78,91
65,146
1,110
59,149
48,145
83,199
58,125
13,151
56,67
94,199
50,143
13,248
55,84
97,83
10,42
7,67
21,24
19,256
22,78
54,91
75,192
75,150
27,103
5,205
75,189
6,256
75,67
35,91
19,189
79,221
48,146
18,181
12,256
32,256
3,240
60,240
65,240
85,24
77,146
43,249
65,256
85,34
96,153
98,14
66,24
62,146
73,132
83,79
65,256
58,256
12,216
19,256
38,256
27,149
81,138
21,104
29,35
51,146
58,216
88,24
89,79
5,125
15,16
10,222
37,142
95,16
50,91
30,206
74,221
98,143
33,240
40,199
50,24
52,153
14,67
63,255
72,256
53,204
91,199
81,5
73,91
16,199
32,204
90,115
33,240
52,153
41,204
11,158
38,256
14,146
56,88
43,67
80,255
65,151
46,192
92,67
52,234
75,146
78,256
60,256
70,205
36,9
19,256
2,118
8,145
61,52
55,256
24,146
47,240
30,86
70,14
25,125
7,149
28,146
67,192
53,81
28,240
11,91
54,146
74,115
66,146
41,244
4,111
95,206
47,256
52,153
59,256
68,91
21,146
13,100
62,195
58,181
92,192
18,256
24,146
30,161
78,256
14,255
86,18
78,215
76,256
68,256
56,24
70,91
31,153
97,256
72,197
7,256
84,103
43,189
61,32
33,241
42,240
89,34
42,61
38,146
92,205
24,197
49,132
7,256
52,240
66,145
99,248
96,256
34,255
14,91
11,24
92,199
29,118
4,42
3,256
55,88
61,52
90,110
94,105
29,199
90,137
43,149
21,118
66,105
57,146
25,125
37,256
0,146
1,256
56,240
30,240
80,146
93,115
8,199
23,163
98,118
64,189
69,131
68,146
72,121
1,256
35,42
92,199
22,174
52,24
90,256
91,220
37,153
71,115
27,91
89,153
28,35
56,256
0,146
79,255
20,35
18,256
39,256
79,256
45,113
96,24
68,256
24,229
0,174
42,91
81,126
80,256
81,240
87,82
33,256
9,256
46,30
59,153
7,256
64,189
70,240
25,224
46,158
89,153
93,256
58,256
37,186
91,35
3,146
57,256
75,100
5,103
80,24
70,14
64,89
34,256
22,151
54,4
34,240
32,146
9,239
31,224
77,146
43,55
33,256
79,256
63,192
63,249
1,67
99,256
27,256
12,115
74,240
93,147
20,125
60,225
66,189
40,162
59,240
92,240
46,104
47,256
52,256
89,199
6,23
93,12
94,256
54,67
15,91
96,256
79,149
49,240
13,142
41,231
14,146
30,256
76,168
21,228
82,33
52,149
79,240
4,146
46,158
14,256
43,199
32,240
34,240
83,42
13,103
19,240
31,256
67,240
0,91
95,146
32,104
33,256
71,115
8,199
64,189
53,34
47,153
22,187
30,240
22,35
7,189
84,91
56,256
92,149
30,256
23,149
63,255
22,98
57,42
24,39
23,256
32,125
72,256
82,102
64,256
43,256
13,170
98,192
26,199
55,146
83,91
12,256
76,166
47,153
24,256
92,147
40,248
86,162
39,256
31,168
37,153
71,153
39,172
72,16
87,162
17,35
13,153
39,5
35,30
54,25
88,146
1,147
61,154
24,5
69,256
4,221
9,34
98,204
74,57
58,230
76,256
96,256
4,89
84,256
30,88
88,256
79,256
5,161
10,78
33,240
54,34
36,149
46,189
6,91
46,158
86,162
39,172
83,192
77,146
69,125
65,146
14,240
33,255
61,194
35,256
20,118
9,35
37,186
63,197
82,256
46,240
72,35
77,91
16,204
64,189
46,158
23,72
22,42
75,115
78,256
46,42
10,42
85,24
7,24
68,256
31,115
91,255
28,32
58,240
55,256
91,21
19,24
59,256
44,256
98,189
27,256
34,91
17,221
25,140
58,42
29,149
85,42
85,255
25,220
35,256
12,256
8,35
34,61
16,162
86,256
48,4
49,240
15,118
55,256
53,136
99,125
66,136
26,53
88,4
64,240
87,184
41,91
17,256
40,61
6,149
55,150
8,34
95,234
94,125
3,149
2,91
56,153
66,192
4,240
68,256
11,91
20,192
49,61
23,240
72,146
16,162
0,198
86,100
59,153
93,67
48,256
40,132
33,240
17,169
52,149
54,189
94,256
87,162
77,256
79,256
5,199
91,43
28,204
30,149
7,146
25,161
42,256
75,88
31,256
14,256
94,134
57,25
63,146
81,153
4,48
99,42
45,108
32,143
11,146
9,199
59,256
81,255
40,142
48,243
6,146
98,146
70,162
93,86
0,78
14,25
49,256
51,125
4,240
14,146
42,240
80,24
68,104
78,110
47,186
31,79
62,256
62,36
90,220
8,189
9,153
51,149
91,256
80,91
79,35
22,100
18,67
61,52
62,246
54,91
34,115
42,128
33,224
16,199
99,162
99,67
27,240
13,157
39,199
56,256
53,42
82,153
48,91
76,149
82,102
49,240
40,172
58,149
58,104
28,42
37,256
38,21
93,189
68,256
13,34
42,240
35,91
68,256
47,240
13,153
91,91
53,42
23,115
29,255
89,256
35,204
43,42
62,14
15,146
9,245
97,240
15,182
44,146
75,189
84,35
33,256
41,181
6,256
71,256
78,89
17,131
76,244
78,30
88,139
49,256
35,158
54,67
86,143
12,240
74,91
80,21
33,240
49,115
5,256
63,27
78,256
41,240
36,174
37,224
66,91
98,228
76,166
8,256
13,256
53,199
87,181
19,240
38,256
18,24
32,36
88,256
4,146
78,256
99,183
75,243
21,256
74,91
97,256
75,189
64,256
52,149
94,227
10,174
34,161
14,189
21,48
61,30
1,19
80,255
21,89
81,240
98,228
69,146
52,153
63,253
20,146
91,240
68,256
64,104
76,10
5,256
9,91
43,146
49,43
55,105
55,67
32,198
83,256
42,256
58,67
44,146
48,67
15,149
48,256
17,186
28,162
35,118
11,42
15,153
21,158
81,240
59,165
14,199
37,256
75,67
2,34
10,146
19,146
58,170
90,145
43,150
3,150
71,240
23,220
28,154
68,256
80,199
61,42
87,156
25,224
89,91
42,256
74,240
91,118
47,153
5,146
22,91
6,256
58,199
91,42
61,30
91,118
71,165
74,146
82,24
66,49
30,126
47,83
38,256
45,256
54,118
48,35
13,170
85,240
3,115
28,147
21,199
44,4
27,115
0,146
8,25
28,162
27,229
98,158
48,103
81,181
36,147
29,149
86,230
19,153
82,19
89,240
35,18
13,103
42,240
60,137
69,256
12,24
89,147
50,256
24,88
49,186
12,256
71,169
25,125
71,153
46,158
14,189
88,42
64,255
13,224
25,256
11,162
44,256
17,256
18,91
74,189
75,63
14,18
42,256
83,91
60,256
30,256
57,42
94,256
48,199
75,150
15,67
51,240
93,256
93,240
41,255
52,240
52,153
12,256
64,35
87,20
99,32
86,15
5,95
42,240
71,256
64,189
99,181
49,240
22,248
52,153
59,240
5,256
60,153
71,132
72,240
74,189
19,240
56,131
24,110
30,256
76,158
15,256
39,193
16,192
21,91
15,153
38,146
30,256
55,256
98,256
25,256
40,35
82,215
3,240
67,149
47,240
71,256
52,153
47,186
60,240
55,162
16,162
61,25
36,146
90,125
32,115
21,104
30,132
78,146
43,149
81,181
88,24
49,61
96,153
10,16
95,200
33,240
15,143
85,256
89,131
79,146
26,162
18,256
97,146
14,199
15,256
16,162
75,189
6,256
92,91
88,240
64,91
54,91
71,256
6,67
96,153
8,91
67,149
0,16
78,115
92,158
57,198
66,82
48,162
67,149
60,95
89,199
16,106
42,240
58,91
61,42
22,53
75,146
37,256
3,199
60,256
9,238
27,115
83,34
89,199
42,34
88,256
44,256
2,5
62,146
94,3
32,256
95,165
66,91
8,256
40,156
44,189
45,149
26,256
48,256
87,195
59,256
35,103
61,30
64,91
43,256
25,195
48,162
45,149
36,240
29,110
51,256
76,234
74,149
61,78
56,24
55,181
44,115
50,147
8,34
27,81
22,256
61,57
77,146
85,240
95,256
78,162
0,198
80,115
26,195
33,240
49,115
51,146
36,149
98,151
39,186
76,166
95,6
31,149
45,25
27,240
60,153
3,240
51,42
94,147
67,149
6,24
62,91
98,199
28,230
26,35
61,32
29,228
64,256
95,181
4,224
42,189
17,153
99,42
30,165
86,199
83,108
78,42
25,256
50,105
97,256
67,256
52,153
28,9
44,33
28,172
22,199
5,158
35,256
37,240
66,240
88,67
95,240
1,132
57,199
12,142
44,115
97,146
78,162
7,256
94,225
85,86
48,35
16,170
85,189
63,67
59,153
70,147
62,25
58,240
54,199
60,256
9,12
44,256
23,256
71,122
10,165
89,21
31,240
67,136
56,153
42,189
70,205
73,91
43,240
43,125
86,125
15,256
24,105
84,199
42,91
60,83
48,194
19,104
93,256
16,30
30,21
13,115
21,67
78,115
68,234
48,181
56,153
74,146
42,189
20,113
14,199
78,162
62,162
76,158
42,115
28,256
74,240
78,42
28,42
27,256
51,256
83,199
48,18
79,146
67,240
43,216
90,14
18,121
40,42
88,61
15,199
89,91
0,138
80,216
95,256
59,240
67,256
57,149
64,256
55,125
72,240
39,168
1,256
14,79
10,156
40,125
66,256
32,187
11,34
4,240
54,18
14,14
15,199
84,161
7,105
15,110
70,91
45,195
28,206
27,256
36,149
31,27
80,158
16,162
59,240
6,153
19,83
87,127
15,199
81,224
25,67
98,158
2,192
68,67
47,153
18,24
66,147
66,256
17,255
65,243
90,147
98,146
45,146
76,6
95,256
5,6
89,243
69,256
57,19
60,136
95,101
16,42
7,256
52,256
6,199
7,256
67,256
60,256
67,255
52,83
2,91
94,256
25,224
23,256
58,34
65,255
38,146
85,105
48,103
82,256
21,150
55,83
69,256
39,256
12,256
29,240
5,240
17,186
87,82
78,256
70,146
30,149
87,91
94,146
75,172
44,241
73,91
67,149
62,147
41,162
1,91
16,42
85,125
80,224
29,125
44,42
69,48
26,189
46,91
20,5
7,146
93,256
63,161
53,256
40,61
37,199
33,256
76,132
48,103
63,228
84,256
31,143
54,91
28,42
72,67
34,256
47,153
63,240
54,240
35,158
93,240
61,42
2,91
51,48
7,255
59,147
68,256
81,125
81,34
39,256
13,256
37,153
35,118
81,144
51,256
18,197
4,149
23,256
93,24
94,256
77,256
47,91
51,256
5,256
90,67
86,170
48,35
96,149
23,18
79,110
13,42
98,118
71,153
60,240
62,199
39,176
68,256
52,221
14,256
21,42
15,143
77,146
94,199
73,256
70,241
59,153
55,240
76,189
72,67
3,240
18,256
0,18
99,57
24,110
56,153
0,18
82,67
72,256
37,82
20,125
54,91
11,256
9,132
86,172
65,146
78,256
22,174
48,35
1,149
33,67
77,57
49,256
89,240
36,221
42,83
20,256
2,189
32,149
87,256
71,132
36,205
95,234
27,240
36,143
54,231
92,146
88,240
6,199
31,143
54,146
32,189
58,147
10,116
64,99
93,256
3,125
55,256
49,186
56,14
33,240
99,154
62,91
34,83
53,248
17,131
93,240
66,83
0,16
58,172
4,256
37,122
1,256
58,100
66,30
58,149
88,67
39,43
40,256
82,205
68,158
4,255
55,146
65,256
72,104
13,153
17,186
30,112
67,122
50,192
1,34
59,153
73,146
58,14
90,165
56,224
44,240
16,199
32,199
15,192
90,186
99,42
56,153
40,102
63,240
22,199
2,24
14,117
72,256
76,146
73,132
2,91
79,42
5,224
39,149
12,146
43,240
91,256
97,113
80,42
65,146
62,199
33,240
86,220
66,255
24,189
62,205
49,149
30,122
24,199
73,153
31,227
55,240
59,61
46,199
11,189
20,199
83,256
80,240
38,24
30,256
93,149
65,256
41,204
0,245
35,125
54,204
9,256
16,146
87,158
81,122
12,125
49,149
60,240
81,91
89,240
42,82
51,146
36,146
59,153
92,256
7,132
94,158
80,256
56,24
37,256
63,243
74,255
46,24
34,91
88,189
85,240
24,256
28,102
56,256
51,255
41,19
62,256
7,146
6,145
38,240
26,240
22,162
52,256
32,256
70,205
28,105
96,240
44,91
57,188
13,177
47,14
8,187
73,67
17,131
14,146
18,256
91,125
82,256
19,227
57,110
71,256
16,45
54,146
7,105
52,149
26,61
50,12
81,93
74,189
50,240
74,48
71,256
85,14
8,189
31,83
28,201
17,169
26,67
10,194
93,42
16,97
0,16
37,186
26,4
71,132
34,151
50,189
99,34
44,115
58,256
16,256
8,256
34,240
35,158
86,224
41,256
0,248
19,256
44,255
46,146
6,67
42,240
62,147
73,91
31,67
73,149
62,240
97,149
97,91
0,16
57,146
19,255
46,256
53,195
69,256
47,153
13,169
84,143
67,42
43,150
80,189
59,256
20,117
76,169
65,70
79,134
99,52
62,215
58,34
55,67
26,240
1,147
46,172
90,125
66,91
69,220
39,168
71,256
88,240
6,256
51,240
34,249
31,104
80,91
67,149
78,146
84,256
23,149
23,132
68,240
74,187
78,189
78,256
86,199
1,91
61,30
2,220
72,256
32,42
64,143
43,42
60,153
27,240
62,220
91,146
81,21
64,91
35,204
32,240
91,84
85,240
70,14
28,158
59,240
22,52
43,189
35,158
9,256
74,256
84,5
72,147
81,145
95,85
16,4
25,162
12,68
24,7
61,52
50,48
9,103
8,199
20,158
11,199
49,115
0,14
55,149
31,67
18,256
35,213
23,187
47,153
47,240
30,6
88,105
32,246
40,68
97,115
17,224
81,19
76,91
62,36
39,256
72,115
95,240
9,7
30,240
86,170
98,204
48,34
11,201
88,91
9,91
88,42
21,240
36,192
55,189
82,199
40,30
47,14
10,30
61,181
92,256
93,86
15,143
54,91
88,61
33,256
35,154
39,174
70,147
15,256
36,246
94,256
70,147
96,153
70,240
92,256
16,192
3,146
86,186
71,165
42,48
99,234
16,170
46,162
28,87
98,143
42,256
17,256
89,199
14,67
57,197
81,61
74,255
4,99
10,243
81,186
40,91
49,115
29,197
87,256
58,19
36,91
65,88
83,91
10,42
34,255
12,187
5,137
17,131
29,113
80,146
80,91
6,165
65,189
9,111
55,115
38,189
88,144
28,256
43,199
57,42
50,82
99,154
20,35
0,24
32,256
90,125
70,14
14,189
31,256
88,118
56,256
23,255
71,125
4,83
11,158
4,189
39,256
66,240
96,256
63,91
13,51
39,36
27,240
31,103
84,49
7,253
37,162
18,67
43,188
96,240
2,18
6,240
59,146
78,132
19,83
39,83
97,67
6,256
39,125
77,146
74,146
52,83
5,125
61,42
21,48
20,244
50,256
65,42
48,25
39,118
14,189
74,6
36,162
12,168
93,220
43,240
51,24
79,146
78,151
6,215
4,67
36,67
32,256
25,91
97,189
94,97
34,256
34,255
59,153
22,199
16,162
70,18
9,192
25,256
77,256
74,146
17,240
28,35
47,153
43,105
13,125
50,240
97,150
49,115
78,42
68,256
99,162
52,221
28,35
80,147
43,149
23,189
23,240
55,115
74,147
87,236
50,149
5,158
51,146
63,146
2,204
57,146
99,194
53,195
85,256
74,67
72,18
75,147
94,252
95,240
40,91
33,240
49,256
64,240
8,255
37,240
0,42
86,125
9,256
51,146
40,256
9,159
39,88
70,2
96,153
44,255
62,240
32,146
61,42
35,228
8,199
2,53
66,255
66,146
46,256
73,102
56,153
20,35
95,122
68,24
52,256
94,256
22,228
9,158
23,252
11,14
55,189
44,115
47,24
20,201
17,187
11,118
73,132
96,153
60,256
28,91
10,42
0,16
10,147
31,216
44,189
29,197
24,19
23,186
52,169
60,221
81,199
57,12
52,186
87,162
27,240
22,218
83,146
22,42
40,156
56,256
1,204
45,19
29,256
60,153
65,256
7,256
88,131
48,35
8,199
29,67
18,146
71,132
80,115
55,256
80,146
73,149
27,240
5,162
69,35
46,125
64,149
42,189
90,158
52,149
1,147
39,168
39,147
86,125
75,48
2,204
36,146
13,228
57,199
30,146
74,256
85,162
33,240
6,255
3,24
72,30
54,91
47,256
91,233
71,136
7,67
98,91
69,206
56,153
14,256
50,199
37,131
40,228
97,142
72,12
88,240
10,103
75,149
83,162
74,255
66,185
52,240
52,169
86,256
66,220
24,110
69,113
41,101
13,125
39,170
5,194
61,57
48,103
44,256
23,132
38,243
44,158
64,243
30,88
2,158
54,91
12,256
21,240
56,256
72,256
93,256
46,75
73,18
47,24
89,256
24,197
52,131
75,146
20,204
67,189
92,256
96,186
5,169
63,42
39,18
67,256
45,67
67,149
2,158
79,197
76,224
27,240
81,189
89,132
83,36
60,43
48,42
2,204
2,198
30,199
2,199
21,149
82,102
90,146
94,125
74,146
71,165
75,161
79,146
42,256
75,248
14,91
89,240
50,149
83,91
42,255
67,149
81,108
73,240
52,131
17,224
76,186
5,256
42,199
68,256
13,53
37,153
94,256
92,117
0,146
48,162
15,115
15,67
39,36
40,256
82,34
31,125
94,256
99,189
68,240
52,153
19,86
4,146
54,199
89,131
40,147
27,115
97,145
14,110
93,53
66,189
74,256
26,111
36,147
9,36
66,255
44,146
59,252
33,67
79,256
63,146
97,147
43,24
48,145
78,25
25,12
32,25
18,42
40,187
44,256
80,24
16,162
45,34
45,146
12,256
99,256
18,165
6,117
41,25
46,158
69,91
18,256
44,240
34,67
32,42
30,256
9,101
72,256
85,240
15,68
92,24
5,105
71,225
52,153
56,256
88,42
22,30
64,143
31,199
63,256
14,67
56,24
99,156
72,244
22,30
20,192
67,179
57,19
93,189
29,67
72,30
91,256
64,24
36,227
22,57
49,153
26,4
84,111
47,153
34,146
85,115
9,35
22,7
29,102
39,82
32,104
94,256
93,146
25,30
18,83
53,24
12,225
27,12
10,147
99,162
88,42
16,42
91,149
78,36
7,105
72,256
12,168
97,146
37,36
86,180
87,72
57,91
36,146
35,91
44,146
57,91
27,243
31,240
3,146
26,189
7,36
96,240
39,252
43,255
34,42
89,143
48,25
56,256
18,125
45,204
92,36
97,35
8,199
18,256
66,149
81,35
37,256
51,88
10,176
77,146
97,113
33,256
60,186
43,156
10,57
50,189
31,83
84,162
49,240
78,256
24,110
68,256
98,143
58,165
51,24
93,149
36,149
74,215
78,34
55,115
50,158
25,256
65,146
86,42
35,118
33,186
92,117
37,240
71,206
61,228
5,95
79,256
71,81
20,5
59,256
67,149
28,198
76,158
31,224
50,12
62,24
9,256
4,104
54,24
38,147
11,118
59,256
84,91
63,240
66,125
35,189
52,153
73,91
87,45
62,36
15,34
11,158
59,146
20,192
47,221
96,256
26,256
36,51
35,118
77,256
38,189
24,110
2,143
17,35
36,146
80,240
74,256
41,204
32,14
23,256
76,187
44,256
91,95
21,256
81,256
53,256
55,146
47,153
79,146
19,240
31,256
82,256
64,156
3,149
49,115
35,199
97,99
58,240
43,83
20,143
86,148
22,52
32,240
18,67
53,42
60,256
36,25
83,205
18,256
32,42
66,240
99,18
51,240
35,118
69,10
28,256
11,234
22,78
49,186
21,67
93,199
1,91
55,189
51,128
55,149
51,146
67,240
92,149
76,186
52,240
31,147
82,146
75,67
61,32
55,88
90,108
78,42
34,240
87,256
39,125
85,256
70,108
2,91
14,189
45,255
1,86
95,48
90,256
64,220
55,240
12,18
91,206
47,61
2,42
99,256
79,189
13,162
8,147
84,149
27,67
11,125
71,256
21,48
28,256
8,24
55,115
67,48
75,146
40,175
17,256
4,146
95,122
63,91
51,146
48,162
65,256
6,42
39,48
39,162
42,149
49,256
14,204
83,91
23,185
78,34
47,240
81,125
41,147
76,199
99,256
97,189
24,256
24,256
76,140
57,137
80,149
16,256
44,91
54,256
92,91
30,149
4,22
2,158
1,156
39,137
98,125
90,256
74,24
81,170
74,146
64,149
42,256
59,153
69,206
67,105
66,24
10,198
52,256
22,30
11,118
69,61
39,36
15,189
77,188
36,199
23,256
41,181
94,71
45,181
17,199
14,67
62,91
9,125
4,79
37,204
13,256
77,67
69,189
72,146
22,42
75,240
45,25
3,240
8,42
24,110
28,199
4,147
57,147
10,42
2,149
0,146
89,108
7,110
94,4
68,240
66,22
17,131
5,91
90,147
77,24
34,146
77,42
26,146
35,256
52,153
70,240
29,255
94,256
37,216
83,91
40,7
0,215
92,42
96,153
4,255
78,42
80,170
6,117
85,67
59,153
96,240
8,240
70,91
62,91
25,129
22,248
1,147
82,149
93,189
82,67
96,153
70,205
8,42
19,240
67,240
4,256
86,4
19,24
17,240
32,91
38,149
57,34
84,170
10,42
40,184
12,240
33,147
94,199
68,186
8,243
89,186
69,244
95,88
43,255
60,187
11,226
0,91
12,244
90,255
2,158
54,91
45,5
65,146
50,240
3,189
68,105
17,221
35,192
81,252
32,125
9,38
99,54
77,146
84,162
22,30
30,184
23,115
36,151
73,240
80,256
92,205
92,42
31,256
9,199
86,53
91,67
26,126
85,35
30,256
12,45
54,256
39,192
76,234
45,145
67,149
51,256
57,240
19,35
48,199
81,149
55,206
38,67
27,240
54,42
81,42
84,27
0,146
64,151
42,149
77,146
52,153
92,91
82,108
12,146
89,153
53,78
21,146
18,256
92,91
36,149
44,147
35,91
31,67
62,14
41,91
65,256
28,146
20,104
92,117
33,256
21,91
86,106
72,42
18,91
56,67
88,24
76,91
71,240
48,147
12,199
45,204
60,256
99,19
84,140
24,162
37,153
86,181
76,256
84,125
51,14
60,240
97,42
29,6
65,12
88,256
7,146
83,256
59,153
96,149
53,77
32,178
79,256
87,129
33,149
46,118
22,145
38,256
47,240
24,146
3,149
54,91
85,115
65,146
75,146
4,256
80,104
76,240
92,67
84,147
61,199
31,42
66,161
39,199
29,256
35,199
91,201
64,256
7,146
80,149
96,153
89,255
83,146
32,34
1,102
85,24
75,256
9,182
25,181
87,91
59,149
38,83
82,102
27,256
6,24
26,240
34,149
14,147
14,117
46,146
70,162
17,122
84,199
97,149
49,158
69,197
59,256
50,189
86,100
61,162
40,41
66,30
50,118
29,25
49,240
26,91
53,91
73,165
85,240
46,158
81,240
25,142
68,143
71,115
14,67
87,82
37,122
86,4
72,42
28,197
93,197
62,149
72,256
41,24
98,158
51,146
46,91
36,42
20,122
57,91
1,67
96,256
16,210
38,189
59,153
85,95
95,146
23,68
14,67
53,87
50,146
2,147
9,91
42,256
21,104
12,199
73,201
29,151
81,199
63,18
64,38
89,218
97,149
63,151
84,122
84,35
6,131
3,24
9,249
44,91
7,192
39,204
1,91
68,131
83,14
71,29
69,256
84,146
23,252
51,24
40,10
63,256
17,85
31,168
48,180
48,181
2,146
50,256
66,189
98,143
44,165
12,153
14,25
56,240
58,256
70,146
85,146
70,146
94,166
41,103
97,146
5,137
80,240
15,256
62,14
2,256
58,129
56,240
13,169
72,146
97,256
25,162
87,34
19,83
92,91
24,54
34,256
93,255
45,149
78,42
68,95
89,14
31,83
73,86
85,239
50,149
95,240
80,47
96,153
76,234
32,256
77,115
19,24
59,240
84,35
48,199
10,199
32,12
98,149
33,240
69,88
14,256
69,131
36,143
72,240
65,146
94,256
86,26
64,256
16,129
90,19
56,24
4,256
96,256
83,34
71,256
51,91
41,197
65,147
61,248
63,189
96,240
62,240
85,256
74,24
57,215
23,256
20,256
38,240
15,83
25,256
72,256
62,240
37,153
62,162
15,224
47,149
75,228
26,34
28,256
27,255
37,256
58,125
46,147
48,35
52,153
79,67
71,256
7,168
60,256
60,256
38,83
49,186
62,162
0,125
19,24
46,256
90,181
5,25
22,162
34,150
75,147
41,25
65,158
51,91
65,212
46,158
1,34
14,146
17,256
65,192
98,42
45,189
14,199
90,255
35,146
30,256
8,42
21,146
28,91
18,5
65,91
32,256
34,240
48,195
75,67
29,4
92,34
76,186
30,56
93,240
4,146
37,131
82,145
9,24
11,125
54,24
8,199
43,240
67,161
30,91
8,35
40,146
53,77
1,240
93,256
26,255
93,240
6,256
87,125
22,199
91,42
24,110
75,117
34,240
86,225
8,146
8,255
42,240
51,256
94,199
81,162
18,256
85,147
48,35
35,158
20,147
50,91
19,115
55,48
26,199
64,151
78,146
15,153
72,244
93,153
65,24
95,256
87,164
72,67
35,256
27,240
36,199
97,35
73,118
35,146
12,161
24,110
70,256
4,146
26,42
71,153
34,161
67,91
20,199
85,256
74,256
99,34
92,91
99,227
21,240
50,146
36,147
82,91
95,81
71,256
61,174
23,199
15,91
77,146
40,234
74,88
25,169
19,216
67,125
6,25
61,57
68,91
46,125
5,252
10,60
11,24
41,189
55,256
96,153
57,156
30,146
96,240
88,255
92,240
72,104
51,146
19,199
40,199
2,4
76,35
54,91
22,52
68,24
70,241
0,91
5,172
42,131
11,158
61,199
88,240
67,104
77,12
34,256
29,19
97,189
13,115
29,162
8,213
15,4
70,42
29,197
19,162
40,256
47,186
8,104
50,255
26,42
89,131
58,42
86,125
85,14
61,57
96,149
75,256
80,240
95,256
17,240
93,240
80,88
3,119
53,198
23,125
55,146
27,240
40,125
9,243
42,24
50,79
92,256
87,125
43,255
42,115
79,238
52,240
9,162
32,104
42,240
57,162
56,153
99,248
57,87
81,91
9,66
70,14
51,35
50,149
42,256
10,12
70,256
40,256
40,182
63,149
50,255
19,240
62,25
28,146
94,256
52,240
86,231
98,256
13,181
70,240
9,189
19,189
15,240
68,256
66,189
24,256
63,118
56,24
60,221
12,125
53,141
36,105
98,91
20,224
92,14
24,256
16,170
26,35
12,86
33,186
45,215
71,132
61,136
30,68
45,256
75,150
94,125
29,146
48,256
97,220
95,125
12,61
80,240
63,12
85,131
33,149
23,132
32,28
46,147
70,146
51,67
8,131
29,189
56,153
11,104
60,256
48,240
21,189
21,240
60,150
56,125
63,189
42,19
33,240
79,241
17,131
20,199
16,199
7,206
91,146
34,83
14,88
92,36
6,146
89,34
13,34
85,256
96,240
27,255
81,256
63,42
59,166
10,42
78,215
18,146
53,16
17,21
27,149
43,199
61,42
54,91
25,256
79,256
68,95
31,24
69,28
64,79
83,57
41,216
23,123
35,249
96,153
20,125
87,158
90,61
52,149
26,249
83,93
67,91
20,146
20,103
7,61
83,125
27,240
45,147
68,240
93,51
86,189
12,168
60,256
73,149
99,129
1,91
92,36
80,146
26,91
58,240
88,189
97,149
88,199
19,161
34,256
23,187
19,86
13,42
44,132
48,199
58,147
16,34
63,91
80,240
55,43
4,88
32,255
46,165
98,91
32,189
45,14
87,75
97,240
12,240
8,67
45,19
92,25
31,221
62,91
61,32
89,199
62,256
78,256
83,91
45,67
85,189
28,91
37,131
54,149
30,146
95,83
7,256
59,186
24,110
94,256
7,256
94,256
94,125
11,55
42,240
65,240
47,24
40,100
38,189
4,256
80,83
82,14
46,147
75,151
51,199
74,83
34,256
5,162
85,240
30,240
74,48
22,199
95,88
81,162
92,199
91,189
52,153
51,146
44,33
62,256
65,146
76,91
84,158
0,19
43,255
48,42
67,255
62,199
89,153
83,240
18,91
31,240
19,24
8,199
68,24
97,149
3,88
83,25
70,14
39,125
0,248
86,181
77,146
58,82
19,146
89,61
90,125
81,256
61,32
41,125
80,240
52,153
66,14
68,95
80,189
43,146
11,158
25,192
27,240
35,256
50,42
88,21
14,23
75,256
53,42
3,84
5,125
35,35
82,153
7,105
90,28
61,42
7,61
91,256
1,153
5,175
17,224
72,131
41,153
94,256
33,240
67,256
33,228
39,150
23,132
6,256
31,153
63,70
71,240
67,61
93,256
84,146
46,158
74,240
33,186
77,240
65,240
50,6
98,256
51,199
72,147
36,147
3,84
41,174
47,153
54,256
87,199
37,49
75,189
74,67
71,240
14,234
57,104
9,199
44,51
57,195
83,93
45,146
61,256
52,14
63,67
89,186
10,248
85,35
39,186
7,256
25,187
98,204
74,256
70,205
70,34
49,132
70,14
87,82
90,256
15,256
65,240
97,256
36,19
83,199
82,67
51,256
32,91
7,256
74,189
80,149
2,158
28,256
78,146
40,256
36,149
91,115
91,256
99,18
73,220
24,158
83,245
42,153
92,192
90,131
50,256
82,146
24,234
65,118
16,110
40,30
39,183
7,104
31,256
10,30
51,146
96,240
51,146
29,162
66,255
83,91
30,169
84,224
29,42
5,158
10,248
53,136
74,67
72,21
34,131
15,256
44,115
25,115
66,115
10,157
55,146
48,204
95,56
63,256
64,189
77,105
3,146
13,75
18,256
92,204
55,24
13,256
30,67
29,143
91,125
91,256
61,32
75,147
58,199
60,132
70,240
46,158
52,153
94,98
89,240
90,189
56,24
57,19
43,91
60,256
45,181
30,122
59,240
78,42
6,48
80,256
80,240
54,25
83,42
60,256
76,72
92,25
18,240
14,215
26,118
9,192
81,240
85,189
32,199
63,146
43,240
56,137
87,162
78,24
45,18
99,256
70,205
8,21
12,5
65,146
80,24
58,206
17,256
39,137
53,77
66,189
48,67
25,256
88,146
32,24
97,189
87,170
37,149
40,256
91,256
16,18
27,256
33,149
86,238
89,204
5,91
76,125
83,205
74,189
85,169
24,230
93,256
32,42
76,22
45,240
5,146
52,149
46,206
72,240
40,35
58,240
84,125
6,146
91,149
38,146
35,147
66,240
25,240
79,146
57,146
23,149
14,88
15,240
86,18
75,115
45,42
6,256
22,199
33,149
76,256
52,131
41,256
90,234
22,52
34,146
45,149
66,145
7,143
95,86
11,125
1,147
23,153
3,115
22,74
5,199
80,147
93,105
27,255
86,18
69,174
92,146
53,137
54,153
63,255
18,240
84,143
66,151
8,199
59,153
8,199
42,240
62,67
29,67
30,240
73,187
2,42
96,153
39,256
4,189
22,105
45,146
83,256
58,91
73,209
18,67
84,125
4,83
5,51
2,149
18,67
23,187
29,48
85,189
34,146
42,91
16,204
86,170
65,189
95,157
45,91
97,57
0,147
20,189
46,86
44,256
86,158
92,24
29,195
85,240
82,147
91,189
82,195
17,216
38,256
58,68
12,256
26,19
54,117
28,256
58,161
79,146
1,19
4,91
95,113
10,192
3,91
33,256
23,33
91,51
73,149
1,67
1,146
35,204
10,247
19,131
88,199
11,204
29,199
56,24
0,256
54,24
61,248
20,189
13,199
17,132
53,199
89,169
18,67
81,61
6,117
96,149
41,162
26,256
26,146
25,91
60,240
22,199
73,256
4,189
47,199
24,146
18,256
78,30
17,221
7,105
0,147
87,125
26,146
95,240
14,42
56,67
18,146
12,256
54,14
21,146
79,256
8,42
43,256
39,189
24,36
40,100
53,91
35,158
21,255
31,256
8,240
57,19
33,153
82,197
35,35
6,189
5,162
40,72
65,105
22,42
16,256
64,67
57,146
98,146
64,104
88,256
55,12
58,12
27,146
36,162
13,199
91,256
84,158
9,35
5,21
9,199
65,206
85,221
70,205
59,256
93,240
2,158
59,240
79,91
70,14
34,255
97,255
86,82
49,186
18,256
55,42
70,256
73,35
38,108
34,240
61,116
69,61
37,162
64,256
24,117
3,146
78,162
74,256
33,169
35,256
1,91
84,35
22,42
86,93
4,48
91,6
13,88
90,115
68,256
60,43
84,91
0,18
34,256
18,149
32,105
92,204
14,67
96,153
35,35
86,248
3,150
89,61
79,256
15,146
66,143
35,256
50,151
12,256
41,174
31,91
34,199
93,60
84,256
26,34
74,240
78,189
50,146
57,205
54,25
2,204
95,256
44,111
66,189
60,221
26,256
58,18
82,102
67,168
98,201
89,256
28,93
55,84
95,88
76,35
60,256
76,125
91,51
37,21
2,199
3,149
62,25
43,256
91,189
48,204
63,256
34,240
56,256
34,83
53,199
3,189
28,234
8,199
40,197
44,21
33,256
61,42
60,256
73,43
61,256
26,147
59,42
4,255
49,115
92,86
92,240
6,105
72,48
86,164
18,79
20,199
55,240
0,256
85,199
75,115
18,256
23,115
74,189
95,53
81,240
58,14
73,149
60,187
21,256
14,240
19,181
87,35
47,240
79,256
90,30
75,146
73,67
15,256
41,204
39,199
99,248
11,24
94,256
45,197
91,91
36,21
77,149
3,256
75,256
92,91
94,158
61,57
50,21
38,146
12,256
1,19
0,91
30,256
84,147
98,158
29,88
7,189
18,67
48,181
89,199
91,146
84,24
63,189
62,240
31,67
40,88
55,189
30,256
61,57
86,53
47,240
33,256
11,255
25,21
14,19
28,256
75,206
11,125
81,31
61,42
73,256
79,35
5,256
88,149
56,256
81,86
31,35
84,125
69,131
30,256
6,256
68,256
70,14
12,158
74,189
7,240
21,24
55,91
71,240
5,199
14,4
48,199
18,256
0,42
70,102
38,256
26,189
24,192
69,122
16,129
9,256
42,156
41,45
39,30
27,240
0,135
70,14
85,255
9,202
43,91
79,125
77,146
75,146
74,146
80,192
42,189
67,147
8,88
0,198
36,143
89,145
43,42
46,199
69,220
56,24
42,189
10,201
71,240
98,158
55,255
40,248
16,60
0,91
21,24
2,125
1,91
64,256
52,153
43,256
83,24
65,19
68,240
18,67
1,24
25,256
96,240
46,228
47,14
90,131
2,118
28,146
37,186
61,42
31,169
77,197
4,240
92,24
38,240
93,165
28,146
39,93
18,67
41,125
44,256
49,132
1,162
11,204
19,189
91,256
82,102
4,256
60,256
34,153
56,153
19,125
32,256
74,146
87,125
99,178
72,149
98,158
8,240
58,140
93,44
87,35
87,199
24,16
35,195
43,18
52,153
6,102
4,256
33,149
8,162
63,146
26,35
34,255
39,234
97,256
47,240
75,67
33,240
87,82
49,256
46,158
16,156
33,256
76,95
41,210
97,146
8,146
75,83
17,165
80,161
93,132
27,256
4,240
41,240
49,256
30,149
31,21
21,255
77,91
90,115
54,16
87,15
86,226
37,224
47,240
66,147
2,147
73,132
55,256
25,162
62,14
26,192
19,189
28,256
15,199
14,256
59,197
69,10
45,34
92,36
39,5
42,67
58,125
49,153
48,181
44,256
71,105
48,162
69,256
9,38
77,146
25,199
35,24
23,256
66,189
66,42
88,97
82,256
1,143
39,137
88,174
93,106
82,48
7,174
17,131
56,256
40,111
70,195
1,256
68,240
59,256
69,131
45,255
16,162
6,4
85,240
12,142
99,199
88,53
40,16
68,186
36,55
23,147
17,256
13,22
20,256
46,147
75,189
61,19
70,240
58,67
42,240
51,256
75,157
73,146
70,146
37,149
28,192
90,21
95,256
88,76
68,25
38,256
95,240
77,241
16,35
58,125
99,57
39,174
56,256
17,256
33,256
77,146
63,146
87,82
75,189
4,67
16,256
94,170
55,12
76,202
60,256
97,189
1,146
0,52
75,91
31,240
55,125
71,132
75,240
52,153
6,146
43,199
14,105
84,199
14,91
51,149
1,91
88,67
53,91
66,229
5,162
56,256
32,42
52,83
40,113
24,110
86,224
54,91
54,91
88,240
61,248
87,82
54,146
24,146
10,217
85,240
17,240
90,162
22,30
86,54
77,24
79,256
94,224
45,189
0,42
39,252
89,45
82,240
41,181
87,256
91,146
73,125
4,256
62,234
72,256
98,199
10,42
11,158
28,9
38,83
74,108
70,240
13,146
7,1
15,125
24,146
76,224
98,97
67,256
79,256
15,240
47,153
47,147
93,146
73,149
13,153
26,42
70,146
95,121
60,256
70,18
11,91
82,199
66,240
34,197
6,23
65,125
62,256
74,199
46,83
36,256
88,240
96,240
48,99
79,256
50,125
19,145
83,256
66,24
68,137
97,149
64,91
16,7
61,42
16,147
84,46
18,67
29,162
63,256
57,240
9,256
38,104
43,256
74,255
15,180
1,256
67,189
91,240
1,146
84,199
69,256
13,131
10,12
33,256
80,256
68,256
30,122
8,199
3,91
13,143
45,199
18,79
20,256
35,256
28,146
93,255
5,256
53,19
34,255
27,255
93,149
18,67
44,146
93,112
37,199
77,256
46,71
31,30
69,240
47,240
57,77
30,256
85,255
80,256
1,105
82,162
45,240
66,189
18,146
58,67
31,95
42,199
23,115
90,14
18,67
83,205
19,91
51,146
80,256
23,115
64,151
61,32
40,199
51,91
99,248
28,7
19,256
63,24
7,24
97,256
78,42
34,147
84,240
13,131
50,137
17,153
28,111
29,24
10,220
57,162
83,91
83,91
53,14
73,149
7,256
59,153
82,256
34,199
15,221
68,256
68,256
34,91
82,256
75,256
37,256
8,256
94,21
16,199
24,110
21,91
8,229
96,153
53,256
49,85
38,240
85,256
27,240
32,165
96,153
20,256
29,67
43,55
69,115
94,186
26,147
92,256
23,187
91,162
34,6
48,174
71,240
53,162
25,21
0,228
59,197
57,256
69,256
73,240
27,256
12,199
42,255
61,42
21,125
72,48
88,147
28,162
15,35
24,7
1,24
77,146
67,149
82,32
5,118
64,256
51,70
52,256
79,149
70,256
46,256
1,102
59,256
87,170
68,256
88,146
76,243
45,189
15,149
79,22
1,117
35,118
94,18
79,256
16,73
49,240
26,42
72,240
60,256
73,43
9,199
75,87
5,256
72,149
27,256
67,256
38,91
18,256
45,255
36,125
40,125
96,153
35,249
7,115
85,187
30,240
14,91
51,240
79,256
76,132
99,42
86,3
15,143
29,256
63,161
66,189
62,199
80,146
24,197
57,25
43,256
78,42
33,256
99,256
95,165
93,256
72,115
71,256
77,146
86,172
64,67
4,153
23,91
62,14
50,256
17,131
98,158
21,146
32,42
57,50
99,248
2,204
6,91
70,162
82,169
82,141
94,246
95,125
81,147
96,256
77,147
33,169
67,108
31,88
60,132
7,42
74,125
63,95
62,112
82,146
36,146
12,223
31,240
47,86
75,189
77,170
29,91
94,41
27,240
70,240
95,157
32,169
38,146
67,256
37,199
2,118
65,212
40,199
53,91
87,162
95,35
53,199
42,189
43,189
89,153
69,153
93,117
81,61
84,35
71,256
31,67
33,240
73,16
75,67
85,147
47,153
97,189
54,146
13,240
24,256
46,104
62,67
92,14
53,78
98,256
66,146
45,25
48,35
94,225
16,136
69,91
60,187
27,189
35,146
59,67
47,256
44,30
57,67
4,147
83,110
89,88
71,122
58,153
52,240
46,172
58,204
98,158
22,199
62,231
47,91
2,256
58,162
77,240
96,256
86,226
33,108
13,146
69,256
97,146
14,240
51,256
2,256
4,240
29,91
58,25
44,67
6,147
80,240
81,224
99,162
28,0
50,146
57,24
88,91
25,34
38,256
71,256
47,83
53,91
48,103
79,125
59,83
29,146
82,153
90,199
26,149
81,108
17,240
14,104
69,122
25,199
32,91
39,36
14,205
89,256
3,147
67,256
78,34
28,210
98,103
88,83
20,201
3,147
18,146
60,104
48,199
69,256
18,67
41,35
6,149
39,248
44,145
15,91
37,153
57,25
48,199
98,149
89,125
67,34
77,255
38,189
71,115
21,118
96,240
11,1
13,34
84,35
73,115
58,256
73,115
35,132
31,147
83,147
59,132
77,256
50,255
41,42
89,240
19,104
54,25
4,189
68,24
9,143
91,256
67,125
19,256
40,256
71,115
57,256
38,240
9,140
82,162
3,146
76,186
20,177
60,240
42,35
94,147
26,256
72,256
6,67
25,224
61,42
36,47
4,145
14,146
61,57
60,256
14,165
62,14
27,256
66,240
16,215
67,256
93,255
23,256
33,146
88,67
18,189
58,189
0,199
83,256
23,149
85,161
56,83
20,111
45,241
20,143
30,255
96,186
19,240
15,256
98,95
51,146
26,199
0,198
56,153
47,153
57,174
59,240
10,103
51,113
65,146
3,14
23,86
9,35
77,256
43,256
15,256
55,42
77,24
19,240
73,67
77,88
7,146
29,256
4,255
61,256
64,256
30,165
39,125
70,91
19,146
51,256
9,35
17,186
28,162
45,149
28,256
12,132
83,67
49,256
63,115
71,244
12,256
11,91
77,146
35,136
29,240
40,125
15,35
84,42
19,27
66,255
70,14
62,162
34,145
94,256
72,240
35,240
50,256
99,195
33,256
90,145
16,245
56,240
4,146
24,146
60,169
3,189
19,192
14,67
23,187
68,125
91,256
81,21
61,42
90,105
21,147
57,91
22,42
87,256
82,91
12,240
38,197
10,6
93,256
77,256
84,199
41,162
64,146
76,125
25,255
91,42
94,125
42,189
79,118
19,68
76,228
87,170
18,256
51,19
1,217
50,146
37,125
6,256
45,25
23,149
0,42
55,256
91,149
89,67
95,189
48,199
45,199
54,91
69,256
82,42
68,240
56,83
94,104
80,149
40,240
67,240
71,81
5,125
50,255
60,186
79,91
0,205
44,146
55,256
46,158
80,61
2,102
32,191
92,14
45,42
69,10
97,24
13,199
30,256
27,256
74,91
8,240
17,256
42,240
91,146
11,256
36,34
69,185
50,255
57,147
84,158
90,186
85,153
3,240
91,240
79,256
76,166
13,181
8,42
92,162
69,112
82,24
7,131
73,256
89,131
32,189
42,240
39,147
26,35
80,147
74,256
15,83
74,146
16,192
57,256
94,256
60,240
33,255
83,91
62,147
85,35
48,25
33,165
11,70
5,199
2,158
18,256
75,67
75,146
4,256
3,240
72,256
17,186
89,145
70,91
19,83
36,149
77,67
67,255
83,25
63,255
2,256
92,14
17,224
98,147
99,54
77,42
56,256
22,173
84,147
14,67
71,169
94,256
44,256
73,146
41,19
96,153
91,146
85,147
43,42
82,91
40,234
97,256
42,255
96,240
47,24
22,113
1,146
46,199
78,199
72,105
93,189
85,125
18,189
63,240
65,256
25,256
44,115
2,35
86,162
45,118
59,186
2,158
54,156
11,118
56,153
75,256
47,153
76,233
20,180
48,106
97,145
9,61
45,108
38,240
84,82
3,48
36,146
43,146
84,256
18,91
6,240
9,7
72,189
38,64
6,91
75,256
15,153
29,256
35,149
25,256
95,240
3,255
58,35
74,199
44,83
83,205
91,189
74,189
86,146
25,178
38,146
58,162
36,7
90,125
8,256
49,136
65,146
95,199
92,256
14,240
81,153
0,86
58,240
96,256
1,147
61,32
59,186
21,104
60,221
89,153
82,67
10,42
80,256
52,186
65,91
55,88
32,146
77,67
69,256
26,146
42,189
79,256
46,146
20,11
38,256
52,153
15,34
7,256
65,162
63,145
96,240
26,223
29,143
3,240
79,256
39,125
30,256
99,67
2,189
8,255
19,199
52,168
69,17
58,91
54,240
82,91
3,24
82,256
93,149
70,205
99,256
21,215
17,256
56,67
64,149
74,149
1,146
62,91
61,52
85,42
78,255
58,186
28,52
53,42
74,67
47,24
5,125
34,91
81,256
64,67
77,256
30,256
66,42
4,24
45,240
30,117
98,118
44,256
95,146
87,174
63,256
87,45
26,147
41,174
70,42
22,14
21,125
32,256
90,23
36,256
85,131
74,146
87,224
21,255
87,256
71,81
53,91
27,256
63,240
1,149
8,199
93,143
98,178
61,116
88,67
37,164
10,174
83,205
91,256
85,240
34,24
24,42
50,192
49,256
12,180
28,158
74,189
44,19
58,153
45,51
87,256
79,24
32,149
14,4
47,153
31,240
77,149
59,165
60,153
71,256
25,256
67,149
81,105
98,162
54,14
67,240
17,221
21,256
1,256
88,42
21,125
77,149
95,88
91,79
12,186
15,146
82,102
22,228
16,162
66,42
25,256
1,132
29,67
29,162
73,56
27,240
81,256
63,157
53,91
23,132
13,125
86,158
44,256
71,240
28,162
75,240
98,146
64,204
79,146
16,18
8,199
77,67
22,30
81,115
87,125
10,146
65,161
62,14
49,132
70,256
57,146
74,147
64,24
40,154
91,146
23,256
13,255
80,256
6,256
42,24
46,145
30,240
95,48
35,158
5,143
41,104
36,255
59,256
12,256
43,249
86,162
97,199
53,149
50,91
80,256
3,181
61,78
20,5
22,189
57,25
25,256
71,14
55,256
68,256
20,230
33,240
67,146
87,194
16,125
41,195
66,143
44,216
25,189
63,146
1,91
15,191
42,115
6,189
85,256
8,34
2,256
5,36
45,146
5,255
71,115
56,153
99,256
73,115
78,146
2,137
76,24
50,79
30,122
53,19
91,240
81,256
65,115
92,14
23,6
11,146
95,33
40,161
30,87
62,36
35,42
23,132
78,108
96,240
67,149
36,67
8,42
15,256
4,88
80,256
27,240
60,83
7,79
54,240
48,35
16,162
57,241
94,256
30,240
92,25
43,199
62,91
58,240
19,48
23,187
38,256
28,189
96,149
95,88
10,199
99,199
86,224
53,256
89,256
11,143
52,256
58,91
54,21
85,83
74,146
72,151
82,19
72,115
73,162
43,147
37,199
34,24
47,199
52,153
40,91
53,42
45,256
8,199
83,199
3,48
90,118
40,125
28,256
53,256
32,256
59,153
4,67
33,161
62,255
89,199
44,146
12,122
4,146
89,240
98,24
78,162
82,149
91,256
31,24
91,146
47,240
9,35
73,220
69,197
36,199
57,229
91,256
95,168
37,256
61,32
83,205
69,169
11,143
80,256
76,240
31,53
10,78
90,187
98,147
94,170
24,244
39,256
1,204
33,240
29,240
29,256
7,168
39,199
15,256
99,97
3,48
41,125
66,240
80,189
27,240
45,35
55,256
32,256
5,199
45,256
9,79
72,91
33,240
38,256
40,117
24,105
59,256
65,240
46,158
38,125
23,187
39,256
25,192
97,149
66,149
46,256
52,24
29,256
56,256
98,125
82,240
41,255
38,189
51,256
79,256
19,35
18,132
95,81
64,120
78,256
96,256
49,240
64,55
40,148
36,35
97,42
40,256
45,192
49,153
62,14
10,88
56,67
4,240
77,67
81,45
91,146
5,199
87,141
3,240
50,24
80,105
86,207
89,240
17,169
12,35
80,256
72,208
79,256
67,199
40,158
13,147
98,143
37,153
21,255
76,234
32,189
59,83
49,187
30,88
60,240
80,61
51,24
66,24
87,82
38,256
63,204
53,199
4,143
48,255
24,234
13,42
31,150
29,115
84,34
46,118
61,199
24,110
34,149
98,189
45,147
99,197
27,240
51,146
91,51
0,147
72,42
50,189
57,192
4,255
60,256
81,240
86,100
9,256
11,67
92,220
99,256
77,29
57,25
14,240
2,192
70,146
69,256
69,240
32,189
79,153
44,256
58,240
0,198
20,140
7,215
45,256
82,146
79,240
58,187
73,240
58,103
75,256
85,86
55,161
70,256
29,240
97,197
11,158
53,14
37,256
73,209
28,179
86,256
50,149
24,110
31,256
95,256
1,14
2,256
36,149
59,240
99,197
55,256
85,132
0,102
23,187
64,256
82,162
62,248
31,67
86,125
57,195
72,115
73,256
42,256
91,91
84,256
85,149
90,255
69,125
82,199
21,189
89,256
68,256
68,213
76,68
31,91
58,189
8,42
37,256
13,255
30,88
78,42
43,147
33,240
99,110
42,169
12,131
92,153
8,256
82,136
78,42
97,256
62,34
74,256
4,206
69,61
29,67
97,240
74,256
56,67
18,24
74,146
3,256
95,149
54,256
53,147
45,149
16,246
73,149
29,25
33,105
6,146
86,192
19,189
97,189
4,151
9,197
53,91
89,125
18,146
87,82
26,174
49,187
11,91
14,256
65,256
83,14
3,157
27,240
30,33
52,61
74,189
29,256
96,67
90,131
14,67
77,146
65,27
7,240
75,146
27,240
16,204
30,240
50,115
83,91
14,146
51,256
42,240
70,162
