cifar100,predictions_caltech256_on_cifar100,predictions_caltech101_on_cifar100
49,256,62
33,256,51
72,256,0
51,256,73
71,256,42
92,256,62
15,125,10
14,256,81
23,256,77
0,256,59
71,256,51
75,256,24
81,256,50
69,256,55
40,256,23
43,256,29
92,256,4
97,256,51
70,256,77
53,256,3
70,256,23
49,256,55
75,256,23
29,256,43
21,256,51
16,256,0
39,256,2
8,256,31
8,256,43
70,256,46
20,42,81
61,256,3
41,256,14
93,256,46
56,256,51
73,147,79
58,256,43
11,129,53
25,256,23
37,256,50
63,256,88
24,256,50
49,256,55
73,256,9
56,189,55
22,256,3
41,256,69
58,256,40
75,256,88
17,256,55
4,256,50
6,256,55
9,256,69
57,256,23
2,158,15
32,256,51
71,209,0
52,256,12
42,256,26
69,244,55
77,256,80
27,256,29
15,256,55
65,244,55
7,256,16
35,118,7
43,256,29
82,256,23
63,256,51
92,256,73
66,256,50
90,256,69
67,256,60
91,83,37
32,256,9
32,256,7
82,256,87
10,256,72
77,256,60
22,203,73
71,256,0
78,256,73
54,256,23
6,256,51
29,256,46
89,256,50
78,256,73
33,256,26
11,256,51
67,256,40
22,54,72
18,189,51
27,48,7
21,256,81
13,256,51
21,125,73
50,256,62
75,147,28
37,256,29
35,256,23
26,256,53
83,256,74
47,256,69
95,256,81
43,197,28
69,256,55
76,256,7
17,256,0
57,256,56
59,256,65
25,256,69
20,256,93
27,256,46
0,256,16
9,256,58
71,256,5
8,256,83
43,189,81
57,256,23
56,256,26
85,256,55
10,256,60
19,256,50
92,256,69
33,256,26
20,256,1
21,125,51
50,256,26
70,256,23
46,256,51
11,256,23
16,256,55
1,32,62
74,256,26
33,256,26
91,256,26
60,256,79
64,256,55
52,24,88
23,256,55
4,256,10
11,256,50
52,256,12
37,256,10
24,256,81
95,256,55
25,256,0
39,256,62
51,256,73
58,256,5
58,256,23
77,256,67
18,256,40
59,256,0
45,256,13
66,256,81
58,48,55
20,256,72
24,256,46
4,256,26
36,256,51
8,256,65
87,256,50
10,256,100
30,172,27
47,256,74
54,256,46
99,256,12
51,256,41
83,256,16
9,131,50
37,256,46
4,125,73
83,256,6
95,256,55
83,147,59
32,256,81
73,256,42
18,256,41
40,256,93
39,256,28
64,256,51
22,256,23
80,256,51
28,256,72
28,256,46
40,256,27
95,256,51
98,256,23
83,256,26
12,256,32
24,256,20
45,201,50
13,256,0
94,256,65
24,256,23
58,25,1
63,256,81
7,256,62
87,256,40
6,256,51
78,256,3
68,256,65
60,256,74
6,256,55
23,256,29
44,256,55
31,256,36
80,256,81
93,54,81
73,256,88
98,256,53
49,256,93
90,256,73
97,256,25
59,256,51
2,256,72
67,184,0
16,256,11
81,256,40
94,256,0
27,189,30
76,192,36
77,256,27
12,256,51
18,256,55
0,256,83
76,256,0
79,125,30
71,256,23
89,256,40
57,256,23
47,256,69
24,147,60
65,48,31
0,158,12
32,256,81
36,256,78
82,256,16
31,256,58
23,203,74
24,256,7
34,256,7
21,256,80
11,256,50
53,203,83
80,83,88
44,256,41
4,256,51
39,256,73
91,256,55
16,256,23
36,256,6
68,256,73
50,256,23
97,256,5
58,256,69
31,256,29
6,256,26
42,256,81
80,256,26
76,256,40
89,256,50
55,256,50
19,256,50
91,256,7
70,256,4
1,256,77
6,256,10
62,256,13
99,256,75
51,91,12
96,256,40
83,256,73
42,256,69
18,256,4
67,256,6
66,256,9
40,256,55
62,32,89
78,23,10
84,42,81
28,91,56
89,256,81
30,256,0
66,256,69
18,256,44
38,256,12
42,256,26
92,256,55
27,256,29
11,256,37
86,256,20
44,256,62
96,256,12
12,10,62
16,256,53
67,256,75
43,256,55
89,256,51
96,192,51
12,256,55
40,189,29
7,147,31
86,32,55
77,256,62
76,256,0
31,256,23
18,256,2
28,256,23
19,256,73
18,256,51
41,256,81
42,256,94
43,256,94
31,256,40
93,256,40
15,256,0
10,256,80
8,256,88
37,256,47
89,256,55
32,256,50
67,87,51
12,256,55
2,256,23
19,256,51
91,256,42
94,256,40
7,256,23
71,209,65
36,256,46
61,256,83
62,256,49
5,256,0
60,256,47
45,256,47
91,256,51
34,256,51
95,256,0
9,256,65
40,256,22
68,256,76
62,256,78
99,256,80
66,256,10
46,32,5
7,256,55
10,256,81
10,256,23
68,256,55
34,256,27
37,256,31
58,256,50
48,256,7
40,256,50
96,256,88
14,256,51
11,256,6
66,256,73
64,256,51
39,256,86
33,189,50
94,256,0
63,256,13
10,256,23
89,256,23
92,256,23
90,83,6
65,168,55
90,256,50
33,256,51
28,256,55
29,256,6
87,256,40
86,256,55
7,256,81
0,256,48
94,42,35
11,256,51
26,256,26
6,256,51
41,256,62
21,256,0
69,256,81
27,256,26
29,256,31
67,256,73
85,256,50
65,256,69
40,256,40
57,256,23
72,189,26
30,256,36
74,256,73
27,24,54
3,256,23
49,256,51
52,256,55
95,256,0
40,256,46
93,256,26
77,256,26
91,256,81
6,256,36
57,256,100
72,125,40
16,256,74
98,256,68
89,48,65
40,256,42
96,256,49
71,256,93
3,256,65
2,256,35
66,256,50
27,158,26
8,256,73
53,203,69
33,256,51
55,256,50
81,147,50
88,147,10
96,256,51
68,256,9
42,256,88
77,256,51
10,32,23
27,48,55
32,256,50
79,256,55
98,203,6
18,119,10
51,91,73
2,256,50
19,256,69
31,256,5
67,32,26
36,256,42
10,256,80
16,256,4
5,256,0
81,256,93
85,256,45
26,256,51
85,256,55
65,256,73
22,147,69
55,256,50
85,256,40
22,256,0
22,256,23
10,224,11
18,256,51
98,256,0
9,131,65
26,24,51
27,256,10
7,197,81
5,256,22
58,256,0
87,256,0
76,203,0
2,256,0
54,256,51
38,161,10
33,153,29
17,256,55
6,256,16
0,256,100
79,256,51
97,256,73
14,105,51
14,256,55
73,256,31
79,256,73
8,256,51
42,256,26
4,256,26
25,209,23
37,256,73
75,256,73
74,256,72
41,256,10
0,256,7
99,256,51
79,256,88
87,256,0
67,256,36
72,256,73
38,256,62
25,48,14
49,256,93
3,256,81
74,256,55
69,72,62
36,256,73
77,256,26
89,256,51
71,256,23
31,42,97
50,256,81
90,256,23
11,256,23
2,225,23
41,256,58
38,84,81
58,256,0
47,256,77
93,256,51
68,256,51
11,54,50
35,256,81
67,256,95
54,256,77
53,256,20
30,256,51
36,256,35
83,256,72
54,256,83
64,256,53
46,256,50
45,256,87
98,256,73
62,256,72
46,256,50
95,125,51
88,256,51
37,256,55
18,256,88
29,256,50
63,125,51
8,256,32
33,256,9
35,158,93
6,256,51
76,256,26
19,256,55
99,256,75
53,256,27
15,256,10
57,147,51
2,256,93
27,147,26
27,256,46
93,256,51
81,256,51
54,256,51
71,256,9
26,256,23
25,256,51
35,256,46
30,256,10
72,256,50
8,256,28
42,256,21
62,256,75
56,256,12
78,256,28
47,256,53
73,256,46
43,256,81
20,172,65
83,256,59
63,256,53
49,256,69
28,256,48
26,256,50
45,256,23
36,256,50
36,158,93
68,256,29
1,256,23
2,256,50
99,256,55
9,209,55
65,256,81
38,256,5
58,256,40
96,256,51
38,256,26
87,256,75
82,256,90
22,256,3
83,256,23
41,125,58
7,189,51
12,84,88
10,256,59
35,256,23
44,256,51
81,256,55
91,256,23
56,256,51
9,256,63
24,256,93
3,256,10
30,256,0
1,256,60
39,256,88
98,256,65
72,256,55
83,256,90
80,256,32
43,131,15
84,256,50
66,256,42
4,256,40
64,256,27
77,256,26
98,256,3
82,256,72
81,256,40
20,256,60
0,256,7
48,256,83
46,256,46
33,256,73
22,42,3
13,256,38
17,256,0
39,256,4
76,256,55
0,256,62
17,256,55
64,256,59
48,147,55
90,256,73
93,256,0
82,256,43
75,256,46
96,256,82
97,256,51
3,256,79
83,256,59
60,256,65
61,42,80
32,256,28
26,256,80
84,256,81
41,256,91
12,256,40
85,108,51
12,256,84
8,256,40
82,256,43
72,256,55
94,256,4
7,256,41
22,256,94
15,256,55
66,256,23
89,256,32
97,256,51
19,256,26
0,256,89
19,256,94
5,256,0
56,256,0
36,256,50
45,256,7
1,256,32
94,256,65
66,189,51
86,256,0
82,256,77
17,256,51
64,256,26
99,256,6
34,256,7
30,256,51
73,184,1
83,256,11
6,256,10
1,256,46
28,256,23
77,256,55
91,256,79
74,256,59
68,256,22
14,256,34
14,256,81
1,256,26
92,256,72
97,256,51
45,189,47
7,256,40
21,256,72
37,256,51
32,256,26
73,256,51
88,189,23
86,192,23
92,203,23
14,256,26
86,32,50
74,256,73
25,256,10
93,256,42
78,32,5
77,256,97
88,91,81
42,256,54
10,256,46
65,256,12
26,256,78
31,256,58
85,24,65
78,256,7
29,256,53
32,256,26
81,256,81
97,256,88
1,256,93
82,256,23
0,181,52
21,83,71
15,256,50
56,125,26
57,256,78
97,256,24
76,256,96
60,256,1
87,10,65
46,256,9
1,48,26
61,256,32
75,256,23
62,54,59
21,256,50
61,256,80
78,256,23
90,256,5
68,25,32
94,42,22
88,256,26
95,209,55
3,256,28
83,256,43
32,256,81
93,256,23
77,256,23
38,256,81
63,256,93
61,256,46
41,256,78
88,256,77
83,256,82
35,256,23
82,256,90
50,256,29
15,256,43
48,91,43
25,256,52
4,256,10
71,256,10
8,256,36
98,256,67
67,256,46
7,256,23
85,256,12
25,256,40
96,256,71
60,209,51
55,256,47
80,256,73
13,256,1
90,256,40
54,256,51
15,256,40
76,256,19
39,256,2
95,256,55
24,131,50
7,256,26
64,256,46
70,228,77
88,256,55
81,256,23
0,32,59
12,256,55
64,256,47
31,256,43
79,256,51
86,256,81
60,256,40
22,256,31
38,127,26
82,256,16
14,256,59
48,256,23
33,256,51
55,256,55
53,256,23
40,25,32
1,256,0
58,256,0
94,256,64
70,256,59
29,256,10
86,256,50
23,256,26
46,256,0
58,256,55
99,256,81
78,256,64
10,256,6
53,256,72
37,256,73
97,256,51
65,256,23
15,256,91
77,256,26
52,256,50
63,256,51
32,166,9
6,256,51
36,256,78
6,256,27
7,256,62
36,174,73
74,54,50
13,256,23
22,256,50
32,256,51
54,256,23
62,256,59
84,256,32
57,256,59
25,256,23
11,256,0
62,256,16
85,83,51
31,256,55
26,256,23
16,256,55
96,132,51
71,256,55
90,256,61
39,256,47
20,256,9
47,33,23
35,256,6
19,256,36
52,256,26
66,256,54
32,256,50
53,33,26
53,256,100
21,256,3
98,256,42
6,256,97
88,256,88
71,256,15
45,256,21
98,158,50
55,256,51
99,256,5
24,256,62
93,256,43
67,256,46
33,256,88
16,256,81
33,256,55
9,256,55
10,256,24
46,256,23
68,256,26
24,256,81
96,256,72
22,224,73
40,256,21
63,158,51
53,256,59
10,256,4
14,256,49
41,256,50
77,256,23
54,256,7
84,256,22
20,256,81
29,147,43
76,256,38
36,256,51
1,256,12
26,158,15
99,256,24
2,256,81
96,256,55
69,256,51
36,256,69
18,256,26
90,256,40
66,256,29
52,256,73
37,256,65
99,256,80
97,48,40
12,256,50
55,256,26
15,256,37
85,256,26
15,256,50
16,209,62
33,256,51
99,256,22
80,256,65
28,256,23
69,72,4
51,256,26
72,256,29
39,256,0
8,256,94
56,189,55
59,256,29
15,256,46
21,256,23
77,256,12
45,256,81
21,83,58
80,256,36
89,256,83
37,256,0
48,256,50
47,256,51
56,256,51
65,256,12
96,256,23
14,256,12
52,256,50
2,256,43
60,256,0
9,10,14
68,256,93
22,256,32
23,256,88
44,256,84
19,256,26
54,256,7
97,256,26
23,256,10
54,256,73
62,256,59
56,256,1
23,256,10
42,256,2
81,256,50
66,256,88
87,54,67
47,256,23
47,256,51
45,256,26
42,256,65
51,256,51
10,256,25
35,256,5
68,256,40
13,256,50
55,256,55
34,256,81
74,256,73
47,24,30
40,256,60
51,125,51
6,256,10
3,256,97
76,256,50
52,256,40
53,256,59
34,256,2
60,129,69
63,84,51
28,256,4
24,256,7
36,256,50
69,256,55
82,256,93
90,256,23
70,54,77
75,48,55
77,256,73
43,256,10
43,256,2
78,256,26
81,256,55
80,256,58
66,256,32
35,256,59
84,256,69
21,54,6
49,256,1
96,256,51
15,256,55
37,256,73
2,256,12
89,256,81
36,256,73
9,256,51
53,256,59
91,256,28
65,147,0
67,256,26
94,172,46
40,256,83
72,256,5
90,256,50
86,256,80
85,256,50
30,256,55
92,256,51
25,256,75
60,256,50
2,256,42
29,256,80
0,256,89
9,256,62
37,256,69
1,256,51
50,256,81
90,256,64
27,147,51
52,153,88
36,256,81
48,256,5
71,256,40
12,256,40
97,32,55
0,256,100
3,256,53
41,256,27
21,256,81
16,256,23
51,256,26
72,256,51
13,256,50
63,256,44
81,256,3
73,256,40
55,68,27
30,256,51
28,256,23
10,256,80
84,256,23
8,256,23
6,168,78
9,172,51
93,256,23
2,42,69
78,256,28
26,125,60
16,256,23
17,256,0
39,256,65
67,184,0
20,256,69
3,256,26
81,256,3
26,256,23
96,256,53
45,256,23
15,256,26
29,256,50
57,256,88
60,256,0
49,256,62
36,256,10
23,256,55
63,189,51
72,256,40
19,256,50
41,256,62
55,256,44
26,256,23
25,256,80
49,256,53
28,256,51
20,125,0
33,192,53
7,256,90
45,256,27
7,256,26
89,256,25
1,256,95
90,189,40
42,256,72
15,256,51
23,256,40
93,256,46
96,256,55
59,256,53
29,256,37
29,256,46
75,256,23
93,184,60
8,256,80
70,256,29
48,256,23
82,256,43
84,209,22
81,256,40
72,256,29
38,256,55
80,256,10
63,256,27
76,256,55
4,244,51
54,256,23
60,256,2
1,30,51
49,256,1
1,158,69
92,256,73
77,256,81
30,256,55
98,131,0
62,203,43
25,256,40
26,256,16
55,256,28
25,256,1
21,256,51
25,256,55
82,256,62
80,256,29
19,256,42
93,48,55
35,256,46
61,256,56
81,256,50
69,256,21
9,131,65
91,256,79
96,256,50
34,256,55
23,256,46
9,10,62
0,256,83
28,256,72
51,256,26
91,256,40
65,256,88
33,256,94
5,256,81
13,256,50
52,256,73
58,48,73
65,158,59
32,32,0
37,256,51
63,83,88
61,11,99
19,256,0
2,256,50
49,256,10
64,256,10
58,256,0
93,127,27
62,256,89
52,256,65
53,256,59
41,256,3
33,256,51
84,256,42
22,256,5
67,256,51
44,256,81
95,256,54
24,256,81
46,256,81
98,54,50
31,256,51
83,256,59
16,256,50
2,256,41
47,256,65
51,256,81
3,256,26
18,256,71
60,256,74
38,127,26
95,256,51
89,256,55
11,256,73
63,240,91
15,48,88
49,256,81
63,256,79
85,256,50
12,256,40
38,256,51
66,256,67
99,256,46
72,147,88
83,203,43
12,209,55
93,256,73
51,256,51
21,256,28
47,256,55
21,256,3
43,256,81
77,256,73
55,256,54
36,256,46
57,54,72
69,256,55
5,256,81
29,185,88
41,158,50
14,256,41
41,256,50
77,256,26
58,256,51
60,256,93
45,256,56
88,256,72
19,256,91
19,256,50
48,256,31
5,256,58
81,256,9
69,256,55
77,256,50
60,256,10
88,256,28
92,256,62
31,256,51
34,256,27
36,256,28
30,256,26
64,189,26
82,256,90
88,256,83
7,256,51
38,256,54
57,256,78
92,256,23
23,256,55
11,256,26
41,256,27
38,256,72
90,256,50
76,256,69
28,256,23
24,256,50
6,256,42
84,256,62
76,256,93
88,256,94
28,209,62
98,256,15
96,256,29
93,256,26
64,256,23
45,256,26
54,256,73
26,256,81
79,256,81
70,256,90
46,131,22
89,256,90
89,256,46
64,256,73
93,256,27
39,256,47
53,256,43
36,244,88
50,256,69
56,256,55
84,256,55
46,256,50
13,32,55
5,256,69
51,256,67
5,256,50
56,256,55
68,256,65
70,256,26
92,256,27
93,184,81
28,184,0
18,256,51
37,256,40
50,256,26
81,256,50
67,256,88
41,125,7
35,256,51
99,256,26
41,256,81
79,256,69
90,256,93
59,256,79
59,256,53
35,256,21
16,256,62
17,256,51
64,256,25
90,256,50
96,256,26
3,256,62
88,256,27
3,256,50
45,256,77
0,256,100
68,256,26
33,256,10
49,256,51
0,256,83
18,256,62
22,256,67
72,256,22
4,256,26
66,256,10
5,256,32
46,256,12
79,256,44
70,256,72
9,256,23
49,256,46
34,189,73
48,256,78
71,209,50
37,256,40
42,256,49
6,256,49
91,256,55
58,256,40
42,256,5
17,256,55
1,256,12
5,256,23
65,83,88
5,256,23
38,256,50
47,256,12
38,256,0
63,256,94
61,256,31
28,256,6
99,256,55
20,256,83
88,256,51
50,158,50
53,256,78
97,256,81
59,256,55
78,256,26
35,256,69
50,256,71
6,256,78
98,256,46
33,256,29
65,32,50
23,256,10
68,256,39
26,197,12
96,83,51
17,256,88
65,256,28
47,256,77
12,256,51
94,172,0
81,256,94
76,256,50
91,256,81
72,256,36
35,32,25
18,256,88
96,256,12
92,256,51
98,256,49
19,256,65
0,256,7
43,147,10
50,147,6
43,158,73
44,256,7
73,256,46
4,256,26
53,256,72
37,256,64
8,256,23
25,256,50
52,256,5
29,197,7
44,84,50
12,256,54
38,256,42
5,256,55
25,256,0
41,256,81
81,197,69
23,256,81
68,256,36
59,256,26
81,256,55
43,42,97
8,256,1
11,37,83
18,256,14
92,256,62
5,256,62
34,256,88
48,256,23
80,256,73
25,256,65
31,256,42
8,256,23
88,256,73
10,256,67
50,83,51
76,256,50
50,256,81
95,256,55
94,256,75
83,244,88
52,256,73
44,256,51
16,256,0
99,256,46
68,256,12
28,256,83
15,158,50
47,84,51
34,256,88
57,256,9
13,87,0
22,256,3
9,158,40
90,256,0
50,256,28
34,256,62
43,147,73
20,256,62
87,256,65
91,256,80
80,256,9
9,256,58
17,256,10
19,256,77
57,256,78
14,256,26
27,256,81
46,256,0
13,256,31
44,256,81
24,256,23
10,256,45
84,256,73
4,241,50
56,189,51
29,147,26
29,256,10
51,256,26
78,256,55
62,256,77
53,256,78
17,256,28
28,256,21
28,256,23
11,158,7
65,256,50
48,256,23
48,256,83
12,256,50
55,256,67
66,256,81
98,131,48
8,256,23
94,256,94
25,256,0
70,256,72
54,256,27
12,83,81
86,256,62
3,256,31
76,256,50
13,256,40
2,256,7
7,256,7
91,125,10
55,256,55
45,256,23
51,256,7
53,256,83
28,256,41
9,256,50
87,209,50
13,256,50
30,147,73
58,256,0
61,256,83
31,256,73
70,256,26
39,256,97
3,256,28
47,256,88
34,256,58
26,256,91
50,256,72
59,256,46
64,256,31
37,256,55
92,256,90
14,256,73
26,256,23
37,256,62
94,42,65
29,256,29
15,256,73
63,174,26
7,256,10
32,256,55
9,256,76
43,256,55
12,256,81
27,256,26
78,256,23
97,256,81
55,147,26
11,54,67
69,256,81
66,256,29
31,256,37
20,256,96
54,256,23
45,256,75
86,147,99
84,256,73
55,256,28
3,256,27
6,256,23
54,256,89
69,256,51
47,256,12
62,256,40
57,256,42
85,256,26
30,256,51
16,256,4
11,256,59
82,256,23
65,256,6
59,153,12
81,256,55
39,256,93
79,256,55
25,256,81
44,33,80
16,256,6
23,256,50
17,256,65
49,256,69
69,209,55
74,256,26
63,256,51
10,135,23
56,256,51
43,224,80
22,256,59
11,256,23
9,32,23
17,256,65
31,256,65
52,256,29
52,168,29
36,256,6
58,256,0
79,256,51
42,256,81
32,189,73
15,256,88
15,256,5
79,256,60
56,256,51
3,256,65
77,256,50
57,256,35
5,256,0
76,256,5
84,256,51
47,256,69
79,256,51
64,256,23
3,118,26
22,256,88
84,256,81
15,256,0
83,256,72
19,256,81
64,256,50
61,218,67
33,256,73
16,256,38
76,256,55
96,256,30
87,256,12
92,102,9
39,256,2
60,256,40
59,131,55
74,256,27
27,256,50
68,256,29
7,256,60
23,256,26
42,256,50
47,256,23
2,256,27
20,256,69
80,256,29
24,256,23
17,256,51
12,256,40
55,256,43
13,183,42
17,256,40
67,256,69
21,256,3
42,256,51
21,256,42
46,256,26
79,256,10
21,256,65
61,158,18
64,256,51
41,256,62
16,256,32
40,256,23
54,256,81
70,256,73
65,256,23
84,179,96
64,256,26
37,256,40
59,256,51
92,256,7
71,256,23
17,256,51
96,256,30
94,172,94
39,256,7
93,256,26
79,256,51
34,256,73
26,256,16
33,84,12
24,256,15
12,256,0
53,256,21
88,256,42
20,256,78
47,256,26
98,33,23
25,256,0
45,256,50
25,256,69
61,256,3
56,256,55
68,256,26
27,256,26
13,256,0
92,256,78
12,256,73
46,225,50
76,256,50
67,256,55
27,256,81
2,256,65
78,256,44
48,256,23
3,83,26
98,256,55
20,256,62
8,256,2
43,256,67
57,256,43
63,256,73
7,256,87
10,256,78
47,256,51
46,256,68
52,256,73
90,256,40
69,91,46
78,189,81
15,256,69
78,115,81
29,256,12
61,256,3
5,256,81
30,256,22
86,256,81
85,256,55
33,256,53
10,256,67
44,256,26
34,256,29
24,256,3
56,172,55
61,256,3
62,256,45
38,189,81
72,256,55
44,256,67
53,256,31
7,256,26
38,256,29
17,256,23
40,256,23
91,256,54
83,225,50
82,256,59
10,218,3
21,256,81
30,256,9
65,256,46
47,125,51
57,256,23
16,256,0
81,256,73
30,256,42
72,256,10
96,256,42
88,256,73
62,256,12
95,256,29
27,256,62
61,256,81
2,256,42
50,256,51
21,256,81
87,256,31
5,256,0
69,256,49
37,172,31
59,256,43
0,256,100
78,168,94
20,0,0
85,256,23
54,256,71
53,256,73
73,184,6
69,256,40
3,256,37
35,256,26
49,256,9
33,256,51
73,256,26
99,256,80
97,256,88
89,256,23
3,256,26
54,256,51
90,256,55
45,256,69
11,256,51
1,256,59
51,84,26
28,32,23
79,256,26
47,256,88
54,256,23
83,256,72
40,256,65
14,256,73
26,229,51
27,256,67
12,256,55
42,91,26
44,256,55
29,256,50
59,256,53
8,127,65
17,256,23
56,256,55
46,256,50
80,256,70
1,256,51
82,256,43
51,256,10
34,197,59
86,256,23
96,256,23
86,256,65
93,256,81
38,256,55
20,124,77
19,256,0
2,256,78
20,256,23
91,256,36
55,256,27
65,256,55
64,256,26
90,256,50
70,256,49
34,256,53
11,256,50
55,256,55
68,256,65
52,125,55
6,256,60
79,256,62
22,256,73
22,256,6
86,209,63
10,256,72
1,256,93
75,256,23
48,191,7
5,256,81
90,256,5
67,256,33
99,256,83
33,256,55
82,256,73
76,256,81
51,256,47
92,256,88
65,256,88
77,256,62
70,256,26
12,256,40
91,256,88
83,256,59
95,256,51
48,256,51
52,256,51
30,256,55
49,256,53
11,256,22
3,256,55
17,256,55
80,256,12
94,256,0
29,256,81
87,256,23
49,256,40
64,256,26
57,256,5
42,256,88
95,184,9
28,256,15
16,256,21
99,256,55
46,256,46
31,256,40
25,256,50
2,256,94
95,184,73
21,224,9
83,256,59
59,256,97
56,256,27
28,256,92
17,256,51
53,256,21
71,126,65
7,256,81
94,256,23
53,256,43
89,256,69
10,256,3
28,32,23
7,256,100
36,256,55
79,256,49
53,256,59
87,156,96
43,256,28
76,256,55
69,256,71
22,256,32
17,166,83
6,256,78
53,203,83
68,256,73
44,256,40
89,256,51
15,189,81
80,256,51
45,256,26
95,256,7
37,256,51
80,256,26
28,209,62
13,256,50
23,256,73
52,153,40
24,256,27
21,256,88
55,256,73
99,256,80
98,131,55
21,256,3
59,256,40
9,256,46
81,129,40
88,256,51
93,147,81
61,42,3
17,256,55
44,54,86
49,256,26
81,129,5
78,256,80
94,256,69
40,256,23
60,256,41
80,256,81
58,256,53
4,256,40
88,256,81
18,256,65
24,256,29
36,256,23
26,256,55
74,256,81
88,256,10
56,256,51
3,256,53
65,256,3
0,256,100
43,256,51
22,256,4
47,135,65
65,29,55
22,256,71
69,256,50
9,256,23
78,256,55
4,83,81
69,209,40
46,256,50
97,256,55
29,256,43
18,256,39
64,256,26
98,131,23
65,256,62
36,256,69
94,256,0
84,256,69
91,256,81
20,256,81
36,256,29
50,256,28
76,256,69
29,125,51
63,256,37
6,256,59
30,256,36
99,256,22
55,256,96
21,256,50
38,256,81
83,256,7
67,256,70
31,256,81
49,256,60
39,256,2
66,256,26
66,256,10
53,256,43
54,91,79
41,125,58
36,256,27
61,256,15
88,42,73
30,256,81
19,256,51
95,256,55
41,256,62
89,256,15
19,256,0
46,256,0
78,256,73
37,24,69
31,256,9
22,158,3
2,256,50
78,84,29
13,256,32
73,256,9
51,247,7
95,256,55
2,256,26
38,256,28
98,256,81
28,256,83
18,256,46
42,256,26
7,256,58
88,256,50
61,256,61
12,256,0
8,256,0
92,256,89
41,256,81
33,125,51
65,256,73
17,256,55
51,256,50
99,256,43
35,256,43
67,256,0
63,256,23
63,189,9
9,256,62
58,256,12
96,153,29
77,256,28
1,256,46
36,256,81
53,256,59
83,256,60
13,256,50
98,256,51
21,125,36
35,256,23
39,256,99
49,256,29
81,256,50
35,256,26
3,256,91
77,256,81
89,256,51
30,256,55
85,256,23
59,256,40
48,256,22
98,32,23
38,256,55
80,256,28
39,256,81
82,256,32
43,256,55
12,256,55
21,256,10
18,256,73
25,256,15
5,256,69
25,256,74
63,256,73
78,256,72
4,256,26
40,256,35
29,256,62
15,256,26
39,256,42
49,189,47
93,256,50
39,256,13
77,256,51
69,10,32
53,256,59
64,256,50
12,256,40
57,256,78
5,256,69
17,256,10
97,91,97
37,256,55
48,256,40
79,256,88
5,256,65
83,256,61
16,54,46
41,256,81
48,256,59
54,256,51
79,256,40
67,256,29
73,11,42
0,256,59
19,68,51
14,256,81
29,256,50
84,256,62
48,256,62
36,256,42
76,256,65
95,256,55
20,256,62
59,256,42
57,256,72
67,256,27
6,189,55
71,209,96
21,256,50
7,256,28
91,256,55
92,256,4
87,256,81
91,256,36
16,256,23
86,256,81
58,256,88
89,256,23
97,256,55
83,256,9
72,256,27
85,256,55
41,256,21
3,256,73
20,256,6
10,256,65
74,256,62
49,256,0
63,256,51
91,189,55
56,256,55
92,86,23
19,256,58
64,256,0
28,256,23
11,256,55
41,256,81
81,256,51
90,256,36
89,256,23
86,256,48
22,91,9
41,256,22
50,256,23
27,256,81
87,256,32
21,256,51
34,256,26
36,256,23
90,256,50
94,256,23
71,10,10
31,115,51
62,256,41
95,256,40
33,153,28
38,256,62
95,68,81
41,256,81
24,256,44
89,256,40
15,24,27
81,256,0
8,256,26
48,256,23
30,166,0
52,256,10
79,48,10
20,256,9
68,256,55
16,256,40
78,256,51
45,256,43
31,256,31
66,256,50
52,256,88
43,256,51
20,209,65
98,256,7
24,256,62
71,256,69
49,256,50
44,256,0
46,256,55
62,256,26
22,256,32
11,256,50
89,256,0
99,256,62
73,125,29
26,256,80
53,256,93
10,256,23
41,256,50
12,256,65
2,256,0
4,256,26
39,256,81
19,256,23
56,256,55
74,256,73
79,256,53
73,256,92
46,158,80
3,256,10
22,256,3
6,256,42
59,256,71
54,256,26
87,256,94
2,256,81
87,256,81
49,256,15
91,256,55
37,192,65
53,256,9
51,84,88
7,158,97
99,189,27
13,184,50
25,256,23
66,108,97
80,256,27
22,209,62
73,256,73
83,256,77
14,256,25
42,189,53
86,256,81
22,158,18
90,256,50
74,256,81
24,256,93
84,256,50
91,256,10
97,256,10
88,256,51
4,256,10
26,256,94
22,256,94
19,189,81
67,256,51
73,256,22
84,115,29
98,256,50
6,256,61
35,256,42
29,256,23
51,147,26
59,256,81
62,256,16
60,256,40
68,256,60
44,256,94
83,256,77
0,256,43
41,256,62
90,256,51
48,256,5
82,256,0
67,256,46
28,256,38
28,256,46
71,203,25
79,189,79
43,197,81
17,256,60
5,256,55
17,256,55
7,256,28
84,256,50
57,256,81
27,256,39
57,256,43
68,256,9
26,48,23
59,256,50
4,42,51
87,256,0
99,256,67
3,158,68
66,256,97
38,256,55
15,256,23
75,256,23
20,256,60
47,256,12
0,256,73
14,256,23
85,256,60
62,256,72
55,256,81
63,84,26
69,256,56
3,256,12
77,228,22
73,256,81
38,256,54
59,256,28
52,256,51
84,256,0
37,256,0
60,256,50
21,256,50
96,244,26
68,256,55
16,256,0
19,256,50
40,256,23
70,256,13
61,256,4
10,256,73
57,256,47
81,256,55
68,256,75
12,256,88
10,208,23
38,256,88
10,256,45
47,256,73
76,256,13
11,256,23
72,256,26
23,256,51
1,256,36
14,256,73
31,256,96
30,145,51
93,125,81
54,256,12
9,256,23
15,256,81
2,256,72
26,256,73
65,256,50
32,37,50
12,256,51
58,256,74
73,256,73
76,256,0
95,256,55
67,256,41
95,256,55
26,256,81
92,256,12
47,256,26
84,256,50
29,256,81
51,256,51
44,256,88
45,256,23
60,256,62
34,256,81
97,256,81
1,256,51
93,256,51
97,256,21
19,256,94
19,256,62
92,256,42
69,256,51
65,189,12
95,256,50
78,256,81
5,10,23
34,256,27
76,256,93
25,256,50
50,189,54
30,256,26
69,256,83
59,256,12
34,256,51
77,256,51
46,256,46
66,256,97
31,256,40
73,256,42
87,256,94
90,256,28
18,256,83
6,256,28
38,256,27
81,256,40
25,256,32
81,256,50
64,256,88
70,256,72
37,256,40
76,256,62
31,256,51
0,256,100
90,256,96
32,256,50
5,256,50
56,256,51
41,256,62
80,256,23
5,256,23
52,256,53
51,256,55
25,221,13
20,256,68
61,42,99
98,256,73
20,256,7
32,256,72
35,256,42
5,209,50
72,256,10
61,42,3
43,256,43
58,256,23
36,54,9
99,256,6
60,256,41
70,25,60
38,256,7
59,244,10
26,256,51
56,256,51
78,256,86
83,256,12
23,256,43
52,256,69
32,256,58
54,256,83
33,256,73
61,256,80
49,24,73
53,256,7
15,256,32
50,256,53
3,256,55
12,256,55
86,256,6
55,256,31
58,256,50
5,172,40
30,256,50
26,256,28
10,256,43
0,256,67
11,256,55
9,256,0
33,256,0
53,256,78
33,256,53
94,42,99
46,256,26
99,256,71
34,256,65
1,256,81
17,256,10
63,256,29
69,209,55
66,256,24
37,189,81
67,256,26
40,42,7
93,256,88
24,256,23
82,166,1
23,256,55
30,256,28
66,256,10
30,256,22
11,256,26
11,158,23
94,42,23
88,256,7
37,256,50
29,256,81
46,158,0
95,256,55
54,256,83
41,125,55
6,256,55
19,256,73
22,42,3
3,256,29
32,256,73
55,256,26
53,256,43
72,256,26
33,256,12
20,256,50
63,256,60
12,256,5
64,256,26
23,256,51
22,184,0
75,256,55
8,256,62
33,244,29
66,192,54
55,256,27
72,256,26
73,256,29
84,256,7
13,256,65
96,244,26
65,256,51
22,256,65
0,256,100
19,256,0
80,256,51
23,203,60
85,256,50
68,256,69
86,256,65
37,256,50
81,256,65
35,256,23
98,256,18
8,256,73
23,256,30
76,256,27
74,256,88
89,256,55
60,256,29
69,256,55
96,24,10
32,256,46
29,256,7
64,48,62
9,256,23
16,256,36
0,256,59
74,256,10
17,256,0
54,256,81
62,91,59
6,256,29
34,256,27
65,256,50
8,256,53
46,256,50
67,256,97
53,32,100
23,84,40
78,256,81
61,256,3
26,256,81
64,256,27
25,256,40
70,256,77
96,256,73
67,256,73
22,256,81
45,256,10
65,256,55
96,256,88
79,256,62
23,256,73
76,256,0
26,256,26
57,256,49
16,256,91
64,256,42
34,256,47
82,256,90
66,256,26
83,42,32
72,256,55
71,256,29
9,256,83
60,256,55
35,256,16
43,256,51
29,256,0
93,241,73
58,256,0
94,256,81
5,172,0
83,256,83
92,256,59
26,256,83
39,256,5
86,256,32
93,127,27
16,256,35
85,256,23
27,256,26
76,256,75
89,256,55
42,256,26
18,256,42
14,256,62
4,256,50
73,256,88
71,256,55
20,256,40
20,256,50
16,256,94
51,256,50
88,256,23
5,256,55
25,256,75
64,256,73
59,256,10
77,256,88
22,218,23
3,23,28
68,256,55
28,256,12
44,256,29
13,256,50
73,209,51
98,158,23
52,256,12
44,256,81
99,256,68
17,256,26
31,256,76
50,256,72
87,172,40
44,256,81
85,209,55
58,256,50
57,203,23
45,256,81
28,256,47
5,256,69
11,256,46
81,256,40
46,256,23
67,256,71
96,256,73
69,256,26
19,256,55
55,256,29
75,256,73
31,83,51
97,256,51
66,256,50
51,256,24
71,256,43
29,256,50
4,256,46
89,256,73
99,256,28
67,256,30
39,79,31
52,256,51
59,256,12
12,256,46
96,244,26
16,256,0
36,256,26
64,256,26
27,256,73
81,256,40
37,42,50
11,256,26
85,256,40
50,256,73
35,256,15
78,256,55
6,256,23
72,256,81
70,256,77
74,256,26
42,256,51
0,256,83
41,256,62
39,256,28
87,256,75
80,256,29
44,256,81
47,256,26
95,256,80
10,256,4
21,256,68
63,256,47
55,256,42
69,256,55
20,256,62
85,256,69
78,203,7
23,256,26
13,256,5
92,256,26
98,256,0
84,256,79
75,147,10
10,256,23
4,256,27
52,256,29
55,189,51
61,256,23
89,256,53
57,256,12
50,197,30
42,256,30
40,256,61
91,256,46
88,256,28
73,256,57
49,256,15
20,256,32
2,256,26
16,256,27
26,256,73
91,131,68
88,256,65
85,256,31
28,256,24
27,256,9
83,256,59
54,256,23
65,256,5
71,256,73
77,256,88
13,256,32
56,256,51
76,256,55
37,256,93
3,256,47
72,256,29
63,256,55
46,256,18
75,256,36
90,256,65
26,256,91
60,256,40
49,256,1
50,256,27
15,256,65
2,256,73
78,256,97
94,42,65
86,256,65
25,256,81
11,256,81
13,256,55
4,256,28
40,256,5
47,256,24
44,256,36
90,256,0
95,256,50
78,256,81
7,189,28
78,256,3
39,256,32
40,10,55
69,227,81
72,256,54
64,256,10
47,256,10
60,197,65
78,208,83
36,256,23
75,256,74
36,135,69
82,125,1
88,256,23
38,256,28
36,256,22
81,256,55
72,256,26
50,166,50
2,256,58
52,256,12
68,256,26
44,256,55
6,256,46
53,203,100
56,256,31
32,256,26
46,256,51
34,256,40
83,256,59
74,256,26
19,256,50
43,256,5
77,256,51
87,256,0
26,256,69
63,256,24
5,256,69
79,256,61
85,256,55
38,256,46
80,256,29
59,256,90
5,256,69
73,256,42
32,256,27
15,256,73
24,256,26
93,256,53
2,256,50
88,189,81
49,256,51
11,125,62
38,256,0
62,256,27
7,256,64
6,256,53
61,256,3
27,256,26
5,209,4
41,256,78
37,256,65
10,256,61
43,147,26
69,48,55
21,256,59
73,184,0
68,256,81
88,256,27
10,256,94
65,256,53
4,256,81
47,256,88
59,256,65
20,256,23
35,256,62
2,256,62
88,256,23
83,256,69
72,256,6
4,256,40
3,256,26
60,256,32
82,256,69
61,256,29
68,256,0
92,203,23
22,54,77
84,256,23
87,172,81
32,256,62
91,256,23
38,256,73
36,256,26
9,256,58
63,125,31
57,256,88
50,256,81
97,256,46
27,256,65
34,256,53
69,256,55
1,256,7
82,256,94
13,256,50
84,256,3
15,256,5
97,256,51
22,256,64
27,256,73
18,256,12
79,256,13
98,256,6
74,256,29
97,189,30
13,256,32
78,256,28
88,256,49
98,256,81
78,189,26
5,256,46
4,256,51
17,256,55
60,256,37
44,256,5
69,256,50
53,256,43
37,256,0
82,256,72
44,37,81
3,256,50
24,256,55
27,256,69
6,256,90
38,256,5
35,256,50
21,256,12
0,256,27
16,256,3
84,256,96
11,54,22
41,256,50
98,256,53
89,184,22
99,256,10
31,256,51
46,256,0
68,256,26
47,256,64
47,256,12
11,256,72
95,256,54
70,256,43
23,256,10
58,191,91
50,256,26
27,256,71
8,256,83
47,256,73
27,256,26
3,256,55
68,256,5
53,256,83
34,256,69
68,256,53
96,256,26
53,256,43
19,256,73
70,256,77
21,256,42
90,256,50
11,256,26
21,256,51
4,189,81
1,256,50
53,42,59
29,256,28
93,256,81
14,256,51
91,256,23
71,256,81
88,256,51
98,256,59
89,256,40
27,256,26
71,256,37
64,256,55
94,256,55
61,256,83
20,256,58
83,256,19
3,189,51
38,168,88
99,256,62
5,256,69
11,256,59
84,256,50
88,256,81
6,256,7
67,256,31
5,256,62
31,256,51
65,256,29
59,153,53
30,256,55
97,256,53
64,256,26
46,158,96
22,256,99
51,256,80
25,256,45
18,256,73
78,256,37
56,256,30
88,189,65
24,162,7
5,256,65
22,256,0
15,256,50
67,192,9
15,256,51
2,256,50
60,256,65
41,125,58
11,256,65
70,256,87
76,256,55
81,256,73
89,256,40
24,256,55
30,256,22
50,256,26
0,225,43
75,125,26
63,256,51
9,256,73
36,256,94
20,256,23
7,225,23
74,256,28
24,256,7
73,256,15
32,256,46
35,256,78
82,256,43
87,256,88
31,256,50
14,256,71
73,256,42
47,256,21
65,256,43
77,256,28
51,256,92
61,256,23
30,256,51
32,256,62
66,256,23
29,256,7
97,256,28
16,256,75
0,256,100
82,256,67
43,256,81
23,256,88
89,256,40
9,256,42
16,256,50
68,256,55
2,256,73
45,256,55
44,256,81
23,256,88
38,256,73
56,256,46
40,256,23
35,256,26
73,256,88
0,225,7
88,256,26
23,256,55
7,256,97
42,256,10
77,256,23
9,189,10
35,256,81
96,125,88
83,256,41
94,256,32
3,256,23
90,256,40
75,24,73
38,256,29
14,256,12
71,256,88
36,256,47
3,256,88
78,256,55
21,256,24
13,256,0
48,256,50
83,158,43
50,256,43
79,256,51
55,256,62
33,256,55
21,256,31
60,256,12
8,256,23
84,256,23
92,256,4
6,256,92
51,256,55
25,256,40
27,256,37
86,256,48
27,256,55
8,256,88
21,256,23
12,256,40
44,256,81
75,256,50
27,256,10
50,256,73
80,256,88
54,256,26
94,42,88
48,256,43
41,125,81
53,256,72
14,256,6
55,256,10
53,256,23
12,256,40
7,68,28
46,256,50
95,256,50
38,256,10
67,256,88
0,256,100
72,256,55
11,256,81
27,256,81
1,256,26
73,256,21
25,256,50
47,256,29
42,256,51
75,256,29
81,256,73
69,256,46
10,256,20
24,256,81
87,256,0
35,48,62
69,256,0
86,147,7
59,256,0
84,256,83
63,256,51
86,32,50
23,256,26
82,256,89
14,256,87
10,256,94
26,256,50
62,256,23
6,256,81
10,256,23
17,256,65
76,256,53
56,256,73
63,147,26
85,256,55
99,256,55
64,48,73
7,256,32
42,189,38
24,256,23
13,256,50
6,256,88
37,256,62
16,256,19
33,256,28
48,256,23
44,256,55
80,256,10
19,256,36
82,256,90
46,256,97
33,256,55
31,108,73
86,256,22
59,256,1
3,224,91
9,256,23
57,256,23
54,256,46
43,256,53
35,256,50
93,256,73
62,256,51
88,256,10
64,256,73
78,197,29
45,256,88
36,256,26
1,256,22
43,135,51
34,256,27
71,221,47
87,172,75
39,256,55
18,256,73
57,256,27
67,210,23
4,256,51
73,256,0
41,256,23
76,256,40
73,256,73
43,256,10
94,256,65
25,256,0
63,256,65
71,256,40
15,256,23
52,256,30
38,256,51
30,256,28
64,256,83
30,256,55
23,10,53
35,256,23
74,256,62
36,256,43
76,256,93
96,153,65
17,256,55
31,256,36
76,256,93
88,256,13
3,256,26
63,256,4
2,256,69
77,256,49
49,256,46
92,256,4
17,256,55
80,256,65
89,256,73
3,147,67
88,256,27
26,256,54
41,10,62
79,115,51
32,256,31
62,256,73
55,256,97
20,256,7
98,158,50
26,256,23
17,256,55
1,256,26
32,256,80
43,256,26
85,256,62
72,256,55
59,256,88
24,256,81
13,256,23
31,256,27
14,256,1
42,256,47
40,256,45
33,84,0
20,256,78
68,256,93
23,256,87
62,256,56
24,256,50
55,256,31
10,256,75
22,174,56
70,10,77
79,256,92
73,256,40
45,256,73
84,256,23
9,131,54
70,256,60
96,83,51
97,256,51
33,256,10
67,256,9
21,256,51
90,256,9
62,191,73
57,256,46
25,256,65
54,256,88
69,256,55
40,256,23
41,256,5
93,131,58
9,256,15
83,256,62
7,256,65
25,256,23
13,256,40
90,256,97
16,256,21
12,256,51
48,256,7
50,189,27
37,256,0
49,256,65
60,256,55
36,256,0
37,129,51
39,256,55
65,147,26
91,256,0
70,256,23
90,256,23
99,256,10
10,256,9
4,241,10
21,256,85
48,256,50
36,256,60
31,256,88
66,256,55
5,256,45
92,256,53
93,256,95
60,256,46
50,83,73
93,256,15
28,184,13
49,256,50
32,256,50
79,256,55
98,256,81
86,256,6
30,256,9
64,135,62
18,48,7
44,256,10
13,256,23
99,256,96
27,256,10
69,256,36
87,256,94
6,256,3
22,256,32
50,256,51
90,256,7
71,256,51
20,256,77
91,256,88
90,256,55
71,256,43
49,256,81
42,256,97
57,256,43
20,256,0
63,256,96
67,256,51
12,184,0
91,256,81
39,256,28
20,256,81
73,209,51
52,256,29
69,256,55
56,256,73
10,256,7
51,256,23
44,256,73
62,256,60
62,256,3
43,256,51
30,256,51
6,256,42
99,256,80
35,158,55
79,256,51
35,256,62
9,256,46
20,256,84
79,256,51
15,256,5
87,256,81
37,256,73
20,256,50
60,256,5
33,256,55
67,256,26
92,256,51
73,256,95
88,256,51
38,256,58
90,256,50
70,82,23
77,256,23
84,33,55
16,256,94
18,256,28
80,256,28
51,256,88
42,256,26
68,19,29
18,256,81
24,256,7
19,256,50
6,256,60
57,256,77
21,256,6
42,256,50
39,256,2
10,256,18
20,256,65
9,256,50
4,256,81
51,256,51
1,256,12
14,256,16
53,147,78
7,256,55
60,256,93
53,184,59
90,256,40
43,256,23
62,256,55
38,256,23
76,256,0
84,256,62
46,256,27
32,32,23
54,256,23
34,256,81
29,256,26
65,256,50
72,256,30
65,256,26
10,7,48
25,256,0
7,256,16
48,256,23
90,256,40
94,42,23
42,42,26
4,256,81
55,256,26
99,256,51
68,256,29
6,256,7
24,256,81
82,256,12
43,256,28
71,256,65
31,256,81
75,256,26
26,256,23
49,256,55
98,256,67
25,197,7
62,256,70
73,256,81
2,256,26
81,256,0
99,256,81
11,256,50
31,224,88
82,256,23
56,256,51
3,84,73
88,256,55
62,256,23
8,256,32
73,256,9
20,256,50
44,256,50
80,256,54
89,256,55
0,256,43
23,256,42
16,37,4
96,256,55
24,256,41
26,256,81
93,48,46
6,256,38
53,203,100
93,189,9
19,256,27
49,256,76
11,256,54
45,256,55
27,256,26
26,256,81
82,256,43
84,256,5
28,256,69
1,256,69
56,256,73
26,256,23
57,256,52
60,166,93
18,256,46
55,256,69
71,256,26
56,256,0
47,256,40
21,256,58
36,256,22
9,256,50
41,83,26
24,256,48
75,256,88
5,256,51
32,256,53
12,209,55
57,256,69
84,209,65
76,256,65
65,256,7
12,209,55
21,256,0
23,256,28
76,147,0
29,256,55
57,256,29
75,256,10
32,256,72
25,256,32
96,256,29
56,256,51
49,184,50
8,256,32
19,256,77
98,256,55
39,256,82
71,256,5
46,37,22
3,256,23
41,256,91
64,256,6
37,256,55
8,256,51
13,256,40
99,256,73
31,256,73
35,256,36
52,256,69
73,48,4
89,256,0
2,158,62
54,256,88
97,256,36
73,32,55
95,256,55
1,256,50
12,256,88
0,256,16
51,256,46
23,256,9
73,256,46
72,256,28
83,256,59
74,189,81
1,256,46
12,256,40
38,256,51
51,256,26
29,256,65
77,189,29
44,256,73
18,256,75
10,256,73
16,256,7
43,256,1
0,256,59
7,256,81
70,256,6
17,184,0
3,256,28
6,256,36
83,256,43
65,256,9
0,256,77
46,256,3
85,256,69
62,256,72
18,256,51
81,256,65
40,184,50
48,256,23
4,256,26
2,147,94
21,224,73
24,256,81
95,256,55
53,256,4
89,256,73
50,256,88
35,256,65
98,256,69
32,256,78
58,256,65
97,256,83
56,192,3
78,256,20
60,256,94
79,256,26
84,256,27
28,256,23
46,158,50
90,256,50
43,256,27
9,131,12
42,256,73
84,256,47
59,256,55
27,125,55
17,256,73
62,256,60
23,168,30
31,147,51
11,256,51
48,256,55
82,256,12
87,256,0
28,10,55
14,256,73
99,256,75
13,256,50
66,256,26
35,256,23
42,256,65
20,256,75
2,256,73
16,256,51
68,256,65
23,256,41
93,256,91
79,256,51
87,256,65
41,125,7
2,256,23
96,147,73
39,256,47
49,256,65
57,256,23
96,153,88
12,256,73
38,256,0
65,115,81
39,256,55
93,184,0
83,256,88
32,256,60
19,256,31
8,256,32
53,256,59
69,256,55
72,256,26
23,256,26
29,0,23
43,256,49
88,256,69
11,256,81
96,256,53
62,256,59
54,256,46
2,256,0
73,256,51
34,256,73
48,256,69
34,256,68
34,256,26
94,256,65
88,256,10
67,256,9
71,256,9
97,256,51
7,256,23
35,256,55
77,256,73
95,256,42
44,256,73
45,256,23
27,189,10
80,256,55
84,172,22
99,256,67
52,244,88
92,256,60
70,256,55
16,256,32
88,256,54
25,256,1
58,256,15
79,256,88
54,256,46
73,184,40
50,256,55
47,256,40
51,197,23
78,256,49
26,33,62
50,256,27
17,256,65
86,256,75
72,27,0
87,256,65
34,256,50
47,68,51
25,256,22
72,256,50
29,256,50
95,256,81
86,256,65
92,256,51
78,3,81
3,54,42
28,256,83
58,256,55
66,161,73
78,256,12
38,256,51
22,256,29
66,256,97
95,256,50
45,256,42
97,256,10
65,256,50
54,256,7
71,121,22
70,256,51
80,256,55
85,256,46
28,256,23
41,256,58
71,256,42
64,256,51
75,256,54
90,3,50
7,256,7
37,256,15
23,256,43
54,256,78
84,256,0
86,256,23
8,256,23
22,42,32
51,256,55
75,24,28
26,256,23
11,256,31
3,256,23
46,256,46
64,256,73
92,256,41
55,256,68
39,256,74
66,256,55
86,256,6
85,256,50
0,256,55
8,256,55
27,256,51
57,256,23
13,256,50
94,256,65
40,256,69
61,256,19
94,256,0
17,256,65
11,256,23
1,256,50
4,256,51
49,256,51
77,48,19
0,256,83
1,256,73
80,256,73
48,256,12
39,256,13
55,240,51
38,256,65
12,256,55
35,256,16
12,256,50
78,32,7
87,256,32
11,256,81
0,256,83
95,68,55
90,256,41
10,256,3
88,256,55
10,256,22
97,256,10
48,256,50
63,256,50
51,256,10
52,256,53
47,256,26
85,256,76
69,209,51
65,256,23
81,256,58
30,256,5
51,256,12
69,256,40
28,256,65
4,256,28
31,256,73
97,256,26
48,256,23
64,256,62
80,256,51
0,256,78
0,256,83
5,256,76
45,256,51
13,32,40
90,256,75
85,256,78
56,256,0
51,256,29
34,256,26
44,256,22
91,256,81
85,256,60
56,189,51
10,158,0
46,256,3
93,256,55
77,256,62
81,69,0
82,256,23
18,256,51
66,256,9
56,256,51
49,256,23
0,256,16
70,256,5
63,256,67
99,256,88
14,256,51
5,256,62
26,256,43
24,256,74
86,256,23
64,189,28
55,256,55
1,256,67
94,256,8
74,256,3
6,256,78
25,256,65
52,256,12
90,256,73
5,256,73
40,256,56
41,256,62
49,256,0
76,256,50
19,256,55
44,256,32
49,256,81
57,256,77
85,256,26
63,256,40
91,256,47
63,256,28
94,256,75
55,256,55
59,256,87
21,256,28
59,256,55
47,256,60
31,256,81
60,256,93
44,256,38
25,256,50
11,256,81
97,256,55
96,256,51
3,256,37
46,256,0
85,256,69
56,256,50
34,256,27
50,256,59
41,256,23
87,256,0
38,189,88
83,256,31
45,256,50
77,256,55
15,256,82
47,256,29
68,256,82
46,147,23
87,256,0
61,256,80
69,147,46
49,256,29
86,256,75
89,256,5
36,256,15
59,256,10
67,256,51
54,256,0
72,228,31
3,256,40
62,256,23
60,256,74
97,256,23
40,256,15
69,256,55
4,256,73
94,256,40
65,256,50
39,256,35
87,256,0
48,256,50
93,256,69
38,256,21
67,256,33
26,256,28
1,256,9
10,256,46
41,256,62
47,256,43
78,189,26
87,256,50
13,24,40
11,256,6
57,256,60
45,256,0
39,256,55
8,256,15
55,189,27
21,256,7
65,256,50
97,256,55
90,256,81
98,256,16
63,256,51
78,256,29
44,256,55
44,256,26
15,256,81
53,256,16
97,256,81
13,256,55
9,256,9
75,256,37
73,256,26
84,256,55
84,256,10
48,256,50
12,256,69
25,256,73
7,189,55
90,256,50
7,256,55
55,256,28
90,256,15
86,256,21
67,256,26
54,48,23
77,256,42
60,42,93
9,256,24
54,256,88
34,256,47
68,256,34
25,33,4
71,256,93
20,256,81
89,256,55
24,256,28
84,256,55
4,256,51
59,125,81
26,256,51
18,111,47
37,256,10
98,256,96
64,256,28
74,256,55
94,134,55
5,256,22
43,256,50
97,91,51
23,256,71
93,256,55
15,256,55
17,256,0
1,256,26
58,256,50
31,256,55
8,256,55
45,256,73
28,256,23
23,256,51
19,256,73
88,256,81
87,256,0
82,256,40
26,256,69
33,256,31
63,256,51
16,256,59
13,256,81
91,256,0
76,256,40
76,256,5
38,256,81
10,256,81
70,256,55
17,256,74
78,256,80
56,256,99
75,256,10
57,256,62
79,256,82
90,256,65
38,147,26
51,256,42
27,256,55
71,256,27
96,256,51
6,256,81
40,48,69
51,256,51
47,256,53
37,256,65
41,256,62
66,256,73
67,256,16
41,256,23
82,256,88
14,256,81
23,256,73
6,125,67
98,158,0
11,256,50
7,256,86
65,244,26
64,256,50
40,256,55
15,256,23
1,256,28
29,256,60
38,256,27
75,256,23
40,256,23
31,256,50
60,256,51
79,256,55
63,256,81
6,256,50
36,256,23
31,256,47
21,256,31
52,256,65
71,256,65
1,256,22
61,256,30
34,256,55
34,256,80
77,189,73
35,256,69
37,256,65
7,256,26
70,256,69
20,256,23
93,256,72
41,256,23
92,32,42
87,256,81
46,256,7
30,256,26
30,256,50
46,256,0
85,256,23
32,256,80
14,256,1
51,256,23
24,256,81
5,256,65
49,256,36
61,256,59
89,256,40
48,256,62
98,256,69
7,256,28
94,256,53
37,256,89
94,256,18
94,256,75
52,256,0
11,32,58
61,256,3
41,256,54
50,256,51
84,256,73
76,256,96
18,256,26
64,256,7
80,256,47
62,54,59
11,256,50
41,256,62
69,256,55
34,256,51
2,256,40
45,256,26
62,256,92
87,256,4
99,256,80
45,256,81
2,256,23
27,256,81
91,256,23
19,256,81
56,256,88
20,256,69
92,256,5
54,256,55
75,256,5
9,256,65
83,256,19
27,256,36
95,256,75
49,256,62
14,241,51
2,256,81
43,256,2
96,256,51
95,256,87
66,256,26
81,256,51
9,256,23
44,256,12
99,256,32
87,256,5
79,256,92
11,256,73
59,48,27
18,189,73
62,256,40
96,187,88
94,256,23
49,256,93
47,256,88
72,256,81
26,256,73
71,256,81
76,256,36
21,256,73
81,256,3
30,256,10
99,256,67
64,256,26
92,256,16
0,256,100
6,256,65
74,256,81
82,256,20
13,256,65
69,209,55
8,256,74
3,48,51
74,256,29
89,189,81
11,256,31
16,256,11
92,256,4
79,256,40
86,256,69
72,256,10
95,256,55
38,256,37
42,256,51
65,256,26
61,224,83
68,256,65
17,256,73
41,256,28
49,153,9
20,256,50
4,256,12
75,256,50
48,256,50
13,256,0
60,23,55
67,256,10
62,256,62
17,256,55
37,256,55
32,256,73
59,256,53
59,256,65
38,256,55
70,54,77
79,82,51
11,256,96
49,256,50
44,229,83
0,256,61
26,256,1
45,256,73
48,256,23
1,256,16
33,48,29
57,256,78
10,256,74
37,256,0
97,256,23
44,256,28
43,256,9
63,256,62
55,256,2
37,256,50
20,256,6
49,256,5
19,83,88
16,256,32
26,256,55
21,256,27
79,256,50
40,256,46
68,256,76
74,256,40
95,32,67
46,256,50
94,172,94
68,256,0
13,256,50
22,256,99
83,256,73
46,256,12
74,256,83
35,256,22
60,256,55
11,256,51
21,256,58
34,256,26
39,256,31
65,256,53
13,256,21
20,256,81
21,256,3
99,197,23
68,256,1
88,256,51
93,256,81
49,256,71
69,256,55
17,256,62
55,256,26
81,256,50
63,256,26
14,153,51
73,256,9
17,256,55
13,68,23
95,256,35
99,256,28
61,256,87
24,256,23
22,256,81
23,203,83
94,256,65
33,256,12
90,256,55
8,256,5
68,256,93
52,256,27
20,256,62
64,158,26
54,256,88
53,256,80
3,256,65
4,197,29
88,256,47
53,256,43
27,256,55
5,256,62
47,256,26
97,256,42
5,256,55
35,256,73
71,256,40
54,256,51
54,256,60
17,256,65
56,256,88
54,256,12
15,256,51
69,77,55
65,256,51
24,256,7
42,256,51
8,256,32
72,256,50
77,256,42
75,241,26
66,147,80
93,256,31
94,172,4
27,256,10
98,158,50
75,256,73
44,256,29
37,256,51
8,256,5
10,256,3
84,256,10
72,256,50
34,256,81
37,256,23
2,32,59
86,256,75
20,256,68
90,256,23
49,256,81
95,256,52
29,256,41
34,256,81
46,256,5
43,256,23
72,256,51
18,189,73
51,256,51
87,256,96
18,189,65
41,256,23
93,256,81
72,189,31
95,256,51
19,256,36
34,256,31
42,256,81
79,256,51
79,256,24
17,256,40
73,184,5
97,125,7
45,256,26
97,147,73
29,256,36
86,32,50
29,256,55
0,256,100
19,256,51
12,256,32
91,256,73
75,256,73
97,256,51
50,256,36
13,256,40
61,256,39
74,197,59
85,256,69
29,256,51
67,256,59
50,91,18
43,256,81
50,256,27
3,256,95
25,256,0
13,129,50
50,256,81
56,256,88
60,129,50
30,256,46
61,184,18
34,256,46
84,172,22
1,256,93
58,256,31
35,256,7
4,256,10
77,256,26
42,256,40
22,256,23
87,256,94
38,256,26
11,256,5
9,256,46
32,256,62
12,256,51
50,48,22
8,256,15
96,147,29
61,256,80
9,256,62
43,256,51
9,256,12
58,256,23
92,256,77
32,256,50
32,256,50
25,256,81
0,256,100
34,256,2
75,256,44
68,256,62
27,256,28
15,256,26
0,25,23
38,256,40
10,256,45
3,256,50
44,256,73
30,256,9
43,256,61
59,256,50
50,256,24
40,256,32
67,256,92
76,256,46
49,256,86
98,256,27
57,256,23
16,256,0
56,256,51
84,256,0
75,256,79
50,256,51
90,256,51
10,256,11
83,256,23
22,256,29
59,191,53
93,256,91
36,256,0
51,256,23
6,256,47
74,256,65
82,256,90
1,256,0
97,256,28
12,256,55
79,256,55
49,256,0
94,172,22
39,189,50
25,256,88
98,256,23
10,146,81
58,256,83
79,256,69
54,256,51
64,256,28
1,256,73
24,256,50
46,256,6
51,256,51
45,197,0
70,256,59
29,256,26
96,256,88
2,131,51
7,256,93
95,256,80
27,256,81
83,25,59
89,256,40
7,125,27
52,256,65
24,256,65
49,256,50
5,256,0
80,256,62
53,32,59
75,256,26
55,256,5
14,256,51
15,256,50
69,256,55
51,256,44
24,256,69
19,256,31
2,256,29
68,256,15
24,256,22
75,256,58
75,189,51
41,256,62
13,256,47
44,256,3
41,256,23
31,256,51
74,256,55
18,256,73
43,256,28
0,256,80
13,256,1
15,256,50
7,32,1
17,256,55
83,256,51
92,256,62
79,256,26
34,256,81
74,256,59
86,256,75
20,256,81
50,256,23
72,256,51
14,256,51
86,256,65
88,256,10
98,256,26
4,256,26
77,256,81
1,256,67
79,256,71
12,256,27
87,256,96
78,256,95
65,256,26
1,256,50
59,24,10
48,256,50
83,256,40
58,256,0
13,256,73
56,256,71
94,42,74
50,256,7
13,192,23
55,256,73
97,256,23
10,256,3
7,256,81
21,256,55
19,256,51
22,256,3
54,256,51
75,256,54
75,256,31
27,256,27
5,256,59
75,256,73
6,256,51
75,256,26
35,256,23
19,147,73
79,256,65
48,256,50
18,256,62
12,256,55
32,256,0
3,256,26
60,256,93
65,256,29
85,256,50
77,256,73
43,256,2
65,256,51
85,256,69
96,256,29
98,234,40
66,256,26
62,256,59
73,256,51
83,54,97
65,256,73
58,256,51
12,256,40
19,256,5
38,256,55
27,256,7
81,256,40
21,256,50
29,256,73
51,189,55
58,129,5
88,256,81
89,256,50
5,256,65
15,256,23
10,256,11
37,256,55
95,256,31
50,256,42
30,256,55
74,91,0
98,256,50
33,168,36
40,256,93
50,256,37
52,125,50
14,256,55
63,256,5
72,256,71
53,256,42
91,256,43
81,37,50
73,256,81
16,256,0
32,256,50
90,256,50
33,244,73
52,108,88
41,256,69
11,135,0
38,256,10
14,256,6
56,256,55
43,256,10
80,147,88
65,256,54
46,256,2
92,256,23
52,256,55
75,256,54
78,256,81
60,256,62
70,203,26
36,256,83
19,256,60
2,37,96
8,256,50
61,256,83
55,256,50
24,256,7
47,256,28
30,256,9
70,256,12
25,256,50
7,256,26
28,256,88
67,184,47
53,256,4
28,256,23
11,256,12
54,256,50
74,244,26
66,256,73
41,256,62
4,256,80
95,256,55
47,256,78
52,256,69
59,256,10
68,256,92
21,256,31
13,256,58
62,256,59
58,256,50
92,157,51
18,256,26
24,256,69
30,256,28
78,256,83
14,256,23
86,256,7
78,256,9
76,256,0
68,256,9
56,256,10
70,256,50
31,256,0
97,256,51
72,256,26
7,256,62
84,256,0
43,256,26
61,256,80
33,129,15
42,256,51
89,129,23
42,256,28
38,256,26
92,256,59
24,256,81
49,256,97
7,256,28
52,256,53
66,256,47
99,256,80
96,256,28
34,256,51
14,256,4
11,256,26
92,256,43
29,256,80
4,256,72
3,125,73
55,256,50
61,256,6
90,256,40
94,256,65
29,256,23
90,256,50
43,147,10
21,131,0
66,256,97
57,189,82
25,256,3
37,256,51
0,256,61
1,256,12
56,256,37
30,256,51
80,189,30
93,256,81
8,256,32
23,125,81
98,256,81
64,256,50
69,256,5
68,256,51
72,243,26
1,256,9
35,256,55
92,256,4
22,256,4
52,256,69
90,256,55
91,256,46
37,256,40
71,129,55
27,256,81
89,256,23
28,256,23
56,256,27
0,256,29
79,256,51
20,256,81
18,124,12
39,256,4
79,256,94
45,256,55
96,256,73
68,256,10
24,131,50
0,256,72
42,256,46
81,256,3
80,256,28
81,256,5
87,256,3
33,256,51
9,256,69
46,256,86
59,256,55
7,256,26
64,256,55
70,256,50
25,256,55
46,256,0
89,256,55
93,256,51
58,256,51
37,256,50
91,256,50
3,256,73
57,256,23
75,256,6
5,256,1
80,244,44
70,256,77
64,256,26
34,256,31
22,147,72
54,256,95
34,102,27
32,256,10
9,256,7
31,256,65
77,256,51
43,256,58
33,125,51
79,256,62
63,256,83
63,256,12
1,256,55
99,256,73
27,256,0
12,256,42
74,256,51
93,194,26
20,209,62
60,256,23
66,256,50
40,256,72
59,256,26
92,256,51
46,256,81
47,153,31
52,83,65
89,256,55
6,256,51
93,256,29
94,242,65
54,256,56
15,256,50
96,256,53
79,256,73
49,256,50
13,256,50
41,256,46
14,256,83
30,83,71
76,256,40
21,256,81
82,256,23
52,83,10
79,256,5
4,256,51
46,91,41
14,256,86
43,256,36
32,256,59
34,256,54
83,256,78
13,256,51
19,256,81
31,256,65
67,256,39
0,32,89
95,256,26
32,256,73
33,256,55
71,256,33
8,256,23
64,147,23
53,256,43
47,256,51
22,256,51
30,256,51
22,256,50
7,256,16
84,256,50
56,256,51
92,256,26
30,256,51
23,256,51
63,256,12
22,256,73
57,256,80
24,256,26
23,256,88
32,256,73
72,256,55
82,256,23
64,256,28
43,256,49
13,256,5
98,256,32
26,256,69
55,256,28
83,256,78
12,256,55
76,256,9
47,43,30
24,256,81
92,256,77
40,256,99
86,256,62
39,256,75
31,256,51
37,256,32
71,256,40
39,256,81
72,184,47
87,256,0
17,256,55
13,256,43
39,256,73
35,256,32
54,256,23
88,48,81
1,256,50
61,256,80
24,256,7
69,256,55
4,256,50
9,256,69
98,125,31
74,256,13
58,256,6
76,256,0
96,42,88
4,68,81
84,42,81
30,256,55
88,256,51
79,256,26
5,256,10
10,256,99
33,256,23
54,256,55
36,256,23
46,91,97
6,203,43
46,256,35
86,256,23
39,256,40
83,256,16
77,256,26
69,147,55
65,197,59
14,256,26
33,256,55
61,256,80
35,256,0
20,256,24
9,131,23
37,256,0
63,256,27
82,256,43
46,256,50
72,256,27
77,256,46
16,256,52
64,256,26
46,256,0
23,256,13
22,256,99
75,256,37
78,256,94
46,256,55
10,256,83
85,256,55
7,256,23
68,189,93
31,256,50
91,256,81
28,32,65
58,256,12
55,256,10
91,256,23
19,256,51
59,256,23
44,256,81
98,256,23
27,256,36
34,256,46
17,256,5
25,221,6
58,256,23
29,256,50
85,147,50
85,256,51
25,44,15
35,256,29
12,256,40
8,256,55
34,256,23
16,256,7
86,256,22
48,256,10
49,256,40
15,189,41
55,256,71
53,256,35
99,256,55
66,256,65
26,256,75
88,192,43
64,256,27
87,256,0
41,256,46
17,256,40
40,256,53
6,189,27
55,217,3
8,256,94
95,184,50
94,256,75
3,256,27
2,256,16
56,256,88
66,32,42
4,256,26
68,256,93
11,256,96
20,256,75
49,256,29
23,256,55
72,256,81
16,256,0
0,256,23
86,256,75
59,256,53
93,256,81
48,256,88
40,256,69
33,256,82
17,256,50
52,256,73
54,256,59
94,256,65
87,256,69
77,256,51
79,256,26
5,256,83
91,256,5
28,256,23
30,256,51
7,256,10
25,256,50
42,147,81
75,189,34
31,256,51
14,256,51
94,256,46
57,256,78
63,256,97
81,256,50
4,256,77
99,256,55
45,32,56
32,131,22
11,256,28
9,256,69
59,256,53
81,256,26
40,256,22
48,256,5
6,256,60
98,48,26
70,256,88
93,256,51
0,256,83
14,256,7
49,256,40
51,256,51
4,256,51
14,256,81
42,256,65
80,125,55
68,256,46
78,172,81
47,256,9
31,161,67
62,256,55
62,147,77
90,256,35
8,256,55
9,256,55
51,256,55
91,256,81
80,256,46
79,256,55
22,256,21
18,256,73
61,256,23
62,203,43
54,256,73
34,256,26
42,256,12
33,256,55
16,256,23
99,25,80
99,256,75
27,256,37
13,256,23
39,256,4
56,147,88
53,256,59
82,256,43
48,256,26
76,256,16
82,256,43
49,256,5
40,256,6
58,256,55
58,256,96
28,256,23
37,256,55
38,256,26
93,256,55
68,256,49
13,256,18
42,256,26
35,256,0
68,256,1
47,256,29
13,256,0
91,256,46
53,256,0
23,256,51
29,129,69
89,256,50
35,256,23
43,256,28
62,256,22
15,256,51
9,256,36
97,147,10
15,184,84
44,83,28
75,189,36
84,209,0
33,256,27
41,256,32
6,189,26
71,256,40
78,256,25
17,256,55
76,256,93
78,24,6
88,256,23
49,256,26
35,37,0
54,256,51
86,256,3
12,189,12
74,256,4
80,189,73
33,256,62
49,256,5
5,256,26
63,256,73
78,256,83
41,256,51
36,256,78
37,256,55
66,256,23
98,256,49
76,256,0
8,256,40
13,256,51
53,256,78
87,256,40
19,91,26
38,256,7
18,256,27
32,256,72
88,256,65
4,256,73
78,256,81
99,256,32
75,83,28
21,256,3
74,256,5
97,147,51
75,256,81
64,256,24
52,256,53
94,256,78
10,256,67
34,256,51
14,256,88
21,256,42
61,256,7
1,256,81
80,256,26
21,256,50
81,32,50
98,54,54
69,256,0
52,83,40
63,256,81
20,256,7
91,256,9
68,256,9
64,256,23
76,256,55
5,256,69
9,256,81
43,256,51
49,256,67
55,256,51
55,240,29
32,256,78
83,256,34
42,256,47
58,256,53
44,256,42
48,256,23
15,256,42
48,256,56
17,256,55
28,256,72
35,48,46
11,256,13
15,256,55
21,54,77
81,256,65
59,256,29
14,174,23
37,256,94
75,147,73
2,256,23
10,256,26
19,256,73
58,256,23
90,256,62
43,256,58
3,256,50
71,256,0
23,256,7
28,256,73
68,256,79
80,184,96
61,256,59
87,256,46
25,256,55
89,256,73
42,256,23
74,256,26
91,256,22
47,256,53
5,256,78
22,256,23
6,256,50
58,256,55
91,256,29
61,256,48
91,256,50
71,256,40
74,256,26
82,256,20
66,256,81
30,256,91
47,256,77
38,256,10
45,256,80
54,256,55
48,256,23
13,256,83
85,256,69
3,256,97
28,158,23
21,256,81
44,256,43
27,256,81
0,256,26
8,256,97
28,256,43
27,256,88
98,256,0
48,256,7
81,256,50
36,256,7
29,256,73
86,256,23
19,256,40
82,256,90
89,256,28
35,256,27
13,129,40
42,244,55
60,256,79
69,256,55
12,256,55
89,129,50
50,256,26
24,256,59
49,256,55
12,256,51
71,256,9
25,256,21
71,256,83
46,131,81
14,256,81
88,147,28
64,125,73
13,256,11
25,256,50
11,32,23
44,256,55
17,256,0
18,256,51
74,48,55
75,256,76
14,158,61
42,256,26
83,256,27
60,256,5
30,256,28
57,25,23
94,42,22
48,256,50
75,256,76
15,256,73
51,256,42
93,256,55
93,256,51
41,256,81
52,256,12
52,256,21
12,209,55
64,256,23
87,256,0
99,256,0
86,256,50
5,172,40
42,256,73
71,256,55
64,256,26
99,256,67
49,256,28
22,256,38
52,256,30
59,125,26
5,256,81
60,256,22
71,256,55
72,189,29
74,256,40
19,256,28
56,256,55
24,131,50
30,256,53
76,256,26
15,33,29
39,256,1
16,256,2
21,256,31
15,256,55
38,256,51
30,256,50
55,256,0
98,256,81
25,172,50
40,256,23
82,256,67
3,256,42
67,75,26
47,84,29
71,256,55
52,256,53
47,256,0
60,256,55
55,256,0
16,256,32
61,256,10
36,256,23
90,256,50
32,256,27
21,256,51
30,256,51
78,256,28
43,197,81
81,256,40
88,256,40
49,256,65
96,256,29
10,256,100
95,256,51
33,256,55
15,256,26
85,256,5
89,256,55
79,256,73
26,158,67
18,256,10
97,256,29
14,256,16
15,256,54
16,256,0
75,256,29
6,256,0
92,256,59
88,256,53
64,256,46
54,256,81
71,256,5
6,256,51
96,256,0
8,256,4
67,32,51
0,256,77
78,147,88
92,256,42
57,256,83
66,32,3
48,256,12
67,256,26
60,256,55
89,256,81
16,54,0
42,256,51
58,256,40
61,256,69
22,256,23
75,54,58
37,256,50
3,256,81
60,256,23
9,256,16
27,256,29
83,256,78
89,256,73
42,256,65
88,256,50
44,256,26
2,256,50
62,256,27
94,158,88
32,256,9
95,256,50
66,256,46
8,256,73
40,256,46
44,256,42
45,29,88
26,256,0
48,256,23
87,256,83
59,256,55
35,256,0
61,256,20
64,256,46
43,256,10
25,256,69
48,191,50
45,256,47
36,256,10
29,256,62
51,256,1
76,256,9
74,256,26
61,256,32
56,256,28
55,256,80
44,256,73
50,256,26
8,256,62
27,256,73
22,256,80
61,256,80
77,256,81
85,256,55
95,256,62
78,256,43
0,256,100
80,256,51
26,256,10
33,256,28
49,256,81
51,256,28
36,256,15
98,256,76
39,256,81
76,256,0
95,256,50
31,189,26
45,191,23
27,256,53
60,256,69
3,256,76
51,256,1
94,172,72
67,256,36
6,256,60
62,102,90
98,256,23
28,256,11
26,256,23
61,256,100
29,256,81
64,256,10
95,172,7
4,256,26
42,256,51
17,256,69
99,256,13
30,256,81
86,256,22
83,256,59
78,256,97
25,256,22
50,256,28
97,256,65
67,256,27
52,153,73
28,256,69
44,256,81
28,256,73
22,256,68
5,256,74
35,256,53
37,256,55
66,191,69
88,256,51
95,256,50
1,256,4
57,256,23
12,256,40
44,256,75
97,256,55
78,256,55
7,256,51
94,172,99
85,256,23
48,32,23
16,256,77
85,256,40
63,256,81
59,256,50
70,256,26
62,256,72
58,48,51
54,256,62
60,256,1
9,256,76
44,189,88
23,68,13
71,256,15
10,256,60
89,256,43
31,256,55
67,256,93
56,256,51
42,256,51
70,256,90
73,256,55
43,256,24
43,256,51
86,256,47
15,256,50
24,189,62
84,147,55
42,256,62
60,256,58
48,256,40
19,256,55
93,256,96
16,256,3
30,256,0
13,256,62
21,256,26
78,256,42
68,256,28
48,256,3
56,256,30
74,256,51
42,256,26
20,256,23
14,256,23
78,256,75
62,32,16
76,256,50
42,256,51
28,256,42
74,256,26
78,256,81
28,256,23
27,256,29
51,256,50
83,256,59
48,256,62
79,256,55
67,14,55
43,256,73
90,256,53
18,256,50
40,44,50
88,256,75
15,256,55
89,256,40
0,256,77
80,256,40
95,256,81
59,256,26
67,32,9
57,256,78
64,256,0
55,256,75
72,256,26
39,111,2
1,256,88
14,256,81
10,256,46
40,256,50
66,83,51
32,256,25
11,256,81
4,241,30
54,256,62
14,256,51
15,256,91
84,256,81
7,197,28
15,256,55
70,192,77
45,256,78
28,256,65
27,3,27
36,256,59
31,256,58
80,256,50
16,256,0
59,256,51
6,256,23
19,256,55
87,256,23
15,256,43
81,256,65
25,256,50
98,256,22
2,256,50
68,256,60
47,256,88
18,256,49
66,256,51
66,256,10
17,32,0
65,256,55
90,256,55
98,256,23
45,115,73
76,256,83
95,256,10
5,256,23
89,256,50
69,256,55
57,256,15
60,256,71
95,256,81
16,147,23
7,256,28
52,256,12
6,256,43
7,256,65
67,91,9
60,256,46
67,256,51
52,256,55
2,256,46
94,256,83
25,256,65
23,256,55
58,256,23
65,256,55
38,256,73
85,158,23
48,191,73
82,244,88
21,218,81
55,256,37
69,256,41
39,256,28
12,256,51
29,256,30
5,256,50
17,256,51
87,256,21
78,256,81
70,256,26
30,184,73
87,256,21
94,256,40
75,256,16
44,256,62
73,256,62
67,256,73
62,256,59
41,256,58
1,203,9
16,256,47
85,256,27
80,256,55
29,256,81
44,256,94
69,256,55
26,256,47
46,256,81
20,256,75
7,256,12
93,48,51
63,256,46
53,203,21
40,256,0
37,256,40
33,256,55
76,256,9
48,256,23
63,256,12
84,256,83
31,256,0
54,256,88
28,256,32
72,256,88
34,256,26
47,256,65
63,256,51
54,256,89
35,256,67
93,256,27
61,256,4
2,256,26
51,256,55
7,256,26
59,256,21
68,256,40
81,256,88
81,256,40
39,184,82
13,256,55
37,256,55
35,91,23
81,256,40
51,256,55
18,256,55
4,256,83
23,256,10
93,256,55
94,172,75
77,256,97
47,256,89
51,256,23
5,256,75
90,256,73
86,256,65
48,256,55
96,83,47
23,203,67
79,256,23
13,256,3
98,256,43
71,256,40
60,256,93
62,256,69
39,256,86
68,256,50
52,256,76
14,256,10
21,256,23
15,256,23
77,48,12
94,256,73
73,256,51
70,192,42
59,256,40
55,256,81
76,256,28
72,256,40
3,10,65
18,256,58
0,220,89
99,256,67
24,256,50
56,256,51
0,256,43
82,256,12
72,256,55
37,129,50
20,256,75
54,147,60
11,256,50
9,37,55
86,256,23
65,256,40
78,256,81
22,256,79
48,256,23
1,256,88
33,256,26
77,256,100
49,256,55
89,256,23
36,256,88
42,256,28
20,256,81
2,256,97
32,147,47
87,256,55
71,256,53
36,256,13
95,218,7
27,256,10
36,189,81
54,48,62
92,197,10
88,256,55
6,256,23
31,256,81
54,256,88
32,256,81
58,256,0
10,256,99
64,256,81
93,256,26
3,256,3
55,256,4
49,131,0
56,256,55
33,256,73
99,256,80
62,91,82
34,256,54
53,184,100
17,256,55
93,256,42
66,32,97
0,256,90
58,256,0
4,256,65
37,256,78
1,147,43
58,256,45
66,256,65
58,256,69
88,256,10
39,256,65
40,256,65
82,256,72
68,256,0
4,256,26
55,256,73
65,256,65
72,256,9
13,256,28
17,256,40
30,256,42
67,256,55
50,256,78
1,228,56
59,256,53
73,256,36
58,256,23
90,256,73
56,189,55
44,256,26
16,256,88
32,256,50
15,203,23
90,256,55
99,256,2
56,256,51
40,256,46
63,83,51
22,256,64
2,256,28
14,256,60
72,256,10
76,256,9
73,256,0
2,256,7
79,189,23
5,256,65
39,256,51
12,256,31
43,256,10
91,256,30
97,256,55
80,256,51
65,256,51
62,256,69
33,83,73
86,256,4
66,256,26
24,189,81
62,54,77
49,256,69
30,256,40
24,256,53
73,256,94
31,256,81
55,256,55
59,256,53
46,256,81
11,256,12
20,256,43
83,256,55
80,256,51
38,256,30
30,256,88
93,256,42
65,256,23
41,256,7
0,256,83
35,256,50
54,256,16
9,256,50
16,256,49
87,256,23
81,256,40
12,256,75
49,256,29
60,256,0
81,256,50
89,256,51
42,256,55
51,256,51
36,91,81
59,256,86
92,256,69
7,256,46
94,172,65
80,256,27
56,256,23
37,256,50
63,48,34
74,256,55
46,127,50
34,256,46
88,256,73
85,256,62
24,256,81
28,256,32
56,184,43
51,256,88
41,125,7
62,256,27
7,256,81
6,256,81
38,256,51
26,37,31
22,256,94
52,256,5
32,256,73
70,192,15
28,256,40
96,256,26
44,48,95
57,256,32
13,129,3
47,256,15
8,256,0
73,256,26
17,256,55
14,256,1
18,189,12
91,72,91
82,256,23
19,256,58
57,256,59
71,256,5
16,256,7
54,256,55
7,256,26
52,84,51
26,256,43
50,256,28
81,256,48
74,256,88
50,256,26
74,256,10
71,256,93
85,256,23
8,256,10
31,256,58
28,256,23
17,256,65
26,256,16
10,256,71
93,256,81
16,256,0
0,158,100
37,256,65
26,147,41
71,256,95
34,256,69
50,91,40
99,256,80
44,33,28
58,189,40
16,256,24
8,256,73
34,256,73
35,256,73
86,256,65
41,256,9
0,256,7
19,256,51
44,256,28
46,256,27
6,256,23
42,256,26
62,256,77
73,256,55
31,256,50
73,256,51
62,256,51
97,256,73
97,256,4
0,256,100
57,256,23
19,256,12
46,256,96
53,256,69
69,209,55
47,256,53
13,256,69
84,256,27
67,256,9
43,256,20
80,256,80
59,147,0
20,256,16
76,256,55
65,189,10
79,256,94
99,158,80
62,256,12
58,129,19
55,256,26
26,256,47
1,256,75
46,256,50
90,256,50
66,256,46
69,256,46
39,256,2
71,256,5
88,256,49
6,189,23
51,256,88
34,256,81
31,256,46
80,48,51
67,48,26
78,256,26
84,256,50
23,256,51
23,256,55
68,131,22
74,256,53
78,256,50
78,256,26
86,256,23
1,256,78
61,256,3
2,256,62
72,256,55
32,256,54
64,256,0
43,256,73
60,256,40
27,256,55
62,256,46
91,256,13
81,189,15
64,256,46
35,256,62
32,256,29
91,189,54
85,256,50
70,256,77
28,256,55
59,256,12
22,42,94
43,256,51
35,256,51
9,10,50
74,256,31
84,256,91
72,256,81
81,256,0
95,256,20
16,256,81
25,256,4
12,256,81
24,256,46
61,256,83
50,158,81
9,256,26
8,256,21
20,209,58
11,256,50
49,256,53
0,256,73
55,256,10
31,256,51
18,256,51
35,256,58
23,14,42
47,256,77
47,256,10
30,256,26
88,256,50
32,256,0
40,184,55
97,189,73
17,256,51
81,256,40
76,256,35
62,256,69
39,256,32
72,256,71
95,256,88
9,209,62
30,256,26
86,256,16
98,228,50
48,25,51
11,256,4
88,256,92
9,256,46
88,256,23
21,256,73
36,256,42
55,256,28
82,256,43
40,256,36
47,256,12
10,256,3
61,256,75
92,256,51
93,184,0
15,256,50
54,256,7
88,256,88
33,256,29
35,256,69
39,209,73
70,256,43
15,256,55
36,256,69
94,256,0
70,256,52
96,256,55
70,256,12
92,256,77
16,256,81
3,256,51
86,256,0
71,129,81
42,256,26
99,256,80
16,256,46
46,48,33
28,158,51
98,42,31
42,256,23
17,256,69
89,256,43
14,256,12
57,256,55
81,256,69
74,256,26
4,256,50
10,256,68
81,256,65
40,256,46
49,256,97
29,240,51
87,256,55
58,256,55
36,256,77
65,256,81
83,256,1
10,256,99
34,256,55
12,256,55
5,172,69
17,256,55
29,256,81
80,256,73
80,256,26
6,256,81
65,256,1
9,256,58
55,127,26
38,189,51
88,256,26
28,48,23
43,256,51
57,256,78
50,256,23
99,256,80
20,147,65
0,256,59
32,256,43
90,256,0
70,256,72
14,256,53
31,240,51
88,256,51
56,256,51
23,256,28
71,256,46
4,256,24
11,256,50
4,256,65
39,256,65
66,224,51
96,256,51
63,256,46
13,256,50
39,44,4
27,83,21
31,256,23
84,256,55
7,256,81
37,256,72
18,189,81
43,256,26
96,256,71
2,256,4
6,256,55
59,256,53
78,256,39
19,256,91
39,256,55
97,241,73
6,256,81
39,256,0
77,256,50
74,256,53
52,256,51
5,256,23
61,256,32
21,256,26
20,125,58
50,256,53
65,256,29
48,256,23
39,256,15
14,256,29
74,256,26
36,256,69
12,256,0
93,91,46
43,256,55
51,256,26
79,256,31
78,256,97
6,256,88
4,256,26
36,256,31
32,256,26
25,256,90
97,256,25
94,256,21
34,256,27
34,256,47
59,256,51
22,256,65
16,158,4
70,256,46
9,256,77
25,256,46
77,256,62
74,54,54
17,256,51
28,256,55
47,197,23
43,256,49
13,256,81
50,256,51
97,256,7
49,256,55
78,256,67
68,256,0
99,256,32
52,256,69
28,166,23
80,256,0
43,256,69
23,256,88
23,168,73
55,256,10
74,256,50
87,256,96
50,256,67
5,256,46
51,256,10
63,256,73
2,256,23
57,256,9
99,256,80
53,256,23
85,256,55
74,197,26
72,256,23
75,256,26
94,256,58
95,256,1
40,256,6
33,256,51
49,256,1
64,147,51
8,256,19
37,256,51
0,256,72
86,256,0
9,256,50
51,48,26
40,256,55
9,256,68
39,256,29
70,256,69
96,256,51
44,256,81
62,256,69
32,256,31
61,256,83
35,256,28
8,256,83
2,256,69
66,256,69
66,256,28
46,256,69
73,256,46
56,256,51
20,256,65
95,256,9
68,256,26
52,153,91
94,256,75
22,256,3
9,131,23
23,256,42
11,131,77
55,256,26
44,256,81
47,256,88
20,256,32
17,256,51
11,256,7
73,256,42
96,256,30
60,256,55
28,256,46
10,256,11
0,256,83
10,256,3
31,256,55
44,256,54
29,256,7
24,256,7
23,256,55
52,256,81
60,256,65
81,256,69
57,256,73
52,256,22
87,256,40
27,256,88
22,256,75
83,256,72
22,218,38
40,256,46
56,256,81
1,256,3
45,256,42
29,256,50
60,256,49
65,256,10
7,256,55
88,256,73
48,256,50
8,256,59
29,189,81
18,256,26
71,256,55
80,256,87
55,256,10
80,256,73
73,256,43
27,256,10
5,256,81
69,42,6
46,256,50
64,256,26
42,256,55
90,256,50
52,153,81
1,256,55
39,256,1
39,256,1
86,256,62
75,256,26
2,158,59
36,37,27
13,256,42
57,256,40
30,256,51
74,84,73
85,256,7
33,83,10
6,256,88
3,256,50
72,32,50
54,256,73
47,256,10
91,256,51
71,125,23
7,256,51
98,256,46
69,256,5
56,256,81
14,256,73
50,256,78
37,256,51
40,54,75
97,256,94
72,256,10
88,153,51
10,256,81
75,256,54
83,256,81
74,256,73
66,224,17
52,153,12
52,256,23
86,256,23
66,256,46
24,256,46
69,256,55
41,256,81
13,256,50
39,256,50
5,256,0
61,42,38
48,256,50
44,256,55
23,256,30
38,256,65
44,256,50
64,256,27
30,256,51
2,158,0
54,256,46
12,256,55
21,256,3
56,256,51
72,83,51
93,256,51
46,256,88
73,80,0
47,256,29
89,256,3
24,256,81
52,256,55
75,256,51
20,256,89
67,256,32
92,102,77
96,256,50
5,256,0
63,256,45
39,209,64
67,256,28
45,256,40
67,256,88
2,256,7
79,256,62
76,209,55
27,256,88
81,256,73
89,256,35
83,256,77
60,256,56
48,256,32
2,256,21
2,256,35
30,256,31
2,256,23
21,256,26
82,256,23
90,256,28
94,172,94
74,256,27
71,209,9
75,256,62
79,256,53
42,197,53
75,256,55
14,256,27
89,256,32
50,189,29
83,32,59
42,256,51
67,256,26
81,256,53
73,256,51
52,256,28
17,256,93
76,256,51
5,256,65
42,256,0
68,256,50
13,256,55
37,256,40
94,256,40
92,256,12
0,256,100
48,256,16
15,256,37
15,256,36
39,44,82
40,256,65
82,256,46
31,256,50
94,256,69
99,33,81
68,256,29
52,256,51
19,256,51
4,256,23
54,256,59
89,256,55
40,256,23
27,256,62
97,256,73
14,256,9
93,189,28
66,256,53
74,256,28
26,189,80
36,256,26
9,256,65
66,256,27
44,256,73
59,256,51
33,256,51
79,256,42
63,84,12
97,256,26
43,197,28
48,256,0
78,256,5
25,256,81
32,131,23
18,256,83
40,256,22
44,256,26
80,189,51
16,256,72
45,256,23
45,256,40
12,256,73
99,256,80
18,256,27
6,256,55
41,256,60
46,256,36
69,256,59
18,256,88
44,256,10
34,256,88
32,256,59
30,256,0
9,256,50
72,256,55
85,256,51
15,256,55
92,256,62
5,256,28
71,209,0
52,256,65
56,256,53
88,256,26
22,256,3
64,256,81
31,256,31
63,256,73
14,256,69
56,256,3
99,256,46
72,256,42
22,256,3
20,256,81
67,256,9
57,256,23
93,256,50
29,256,26
72,256,55
91,256,27
64,256,29
36,256,26
22,32,80
49,256,73
26,256,9
84,95,15
47,256,81
34,256,23
85,256,55
9,256,23
22,256,18
29,256,46
39,256,75
32,256,50
94,256,93
93,256,36
25,256,6
18,197,55
53,256,83
12,256,32
27,256,28
10,256,9
99,256,52
88,158,26
16,256,4
91,256,26
78,231,69
7,256,81
72,256,51
12,256,65
97,256,51
37,256,75
86,256,69
87,256,50
57,256,73
36,162,81
35,256,51
44,256,55
57,256,47
27,256,9
31,84,76
3,147,73
26,256,40
7,256,23
96,256,26
39,256,97
43,256,81
34,256,73
89,256,54
48,256,23
56,256,42
18,189,51
45,256,78
92,256,13
97,256,27
8,256,23
18,256,88
66,256,51
81,256,75
37,256,55
51,256,73
10,256,11
77,256,27
97,256,88
33,84,30
60,41,0
43,256,46
10,256,3
50,256,29
31,256,51
84,256,75
49,256,60
78,256,68
24,256,91
68,256,5
98,256,81
58,256,53
51,256,15
93,256,26
36,256,30
74,244,51
78,256,81
55,184,6
50,256,42
25,256,22
65,256,27
86,256,23
35,256,73
33,256,0
92,256,72
37,256,10
71,256,55
61,256,52
5,209,75
79,256,51
71,256,53
20,256,81
59,256,55
67,256,30
28,256,55
76,256,0
31,256,50
50,256,5
62,86,7
9,256,74
4,256,50
54,256,73
38,256,26
11,256,50
59,256,73
84,256,55
63,256,10
66,256,50
35,256,78
52,153,29
73,256,46
87,256,16
62,256,73
15,256,23
11,256,0
59,256,29
20,256,75
47,256,60
96,256,41
26,256,50
36,256,23
35,256,23
77,256,34
38,23,23
24,256,7
2,256,27
17,256,55
36,256,27
80,256,51
74,256,28
41,256,81
32,256,23
23,256,26
76,256,53
44,161,74
91,25,67
21,256,29
81,256,40
53,256,23
55,256,55
47,256,26
79,256,51
19,256,55
31,256,55
82,256,23
64,256,46
3,256,26
49,256,40
35,256,81
97,256,51
58,256,69
43,48,27
20,256,7
86,256,16
22,256,3
32,256,12
18,125,55
53,256,78
60,172,5
36,256,13
83,256,72
18,256,55
32,256,72
66,147,51
99,256,25
51,256,73
35,131,23
69,256,50
28,256,26
11,256,23
22,256,3
49,184,67
21,189,24
93,256,23
1,256,46
55,256,51
51,256,51
55,256,47
51,256,58
67,256,81
92,256,88
76,256,21
52,256,26
31,256,27
82,256,43
75,256,26
61,256,11
55,256,27
90,256,62
78,256,94
34,256,50
87,256,31
39,256,18
85,256,55
70,256,90
2,256,50
14,256,6
45,256,73
1,184,1
95,147,55
90,256,50
64,256,46
55,256,71
12,256,50
91,256,81
47,256,12
2,256,55
99,256,80
79,197,55
13,256,13
8,256,73
84,256,31
27,256,88
11,37,75
71,256,41
21,54,81
28,256,23
8,256,27
55,256,51
67,256,31
75,256,58
40,256,22
17,256,40
4,256,73
95,256,36
63,256,46
51,256,51
48,172,55
65,256,51
6,256,81
39,256,28
39,172,0
42,256,27
49,256,10
14,256,83
83,256,27
23,256,51
78,256,43
47,256,87
81,256,50
41,158,23
76,158,93
99,256,44
97,256,10
24,256,81
24,256,55
76,209,81
57,256,22
80,256,29
16,256,58
44,256,46
54,256,89
92,256,59
30,256,30
4,256,73
2,256,0
1,256,50
39,256,28
98,256,55
90,256,55
74,256,26
81,256,50
74,256,81
64,256,73
42,256,10
59,256,71
69,256,55
67,256,73
66,256,51
10,256,61
52,256,69
22,256,67
11,256,69
69,256,55
39,256,32
15,125,81
77,256,73
36,256,51
23,256,73
41,256,58
94,172,69
45,256,23
17,256,65
14,256,0
62,256,69
9,256,51
4,256,26
37,256,40
13,256,55
77,256,73
69,256,51
72,256,73
22,256,32
75,256,51
45,256,7
3,256,51
8,256,94
24,256,7
28,256,7
4,256,97
57,256,23
10,256,38
2,256,51
0,256,80
89,256,3
7,256,7
94,172,0
68,256,28
66,256,88
17,256,55
5,174,23
90,256,55
77,256,26
34,256,26
77,256,26
26,256,55
35,172,50
52,256,62
70,256,51
29,256,79
94,256,29
37,256,50
83,256,26
40,256,23
0,256,48
92,256,69
96,256,26
4,32,81
78,256,80
80,83,51
6,256,83
85,256,23
59,256,53
96,256,51
8,256,51
70,256,43
62,256,12
25,174,75
22,256,80
1,228,15
82,256,46
93,256,81
82,256,23
96,256,10
70,256,72
8,256,75
19,256,53
67,256,40
4,256,23
86,48,23
19,256,51
17,125,51
32,256,46
38,256,26
57,256,78
84,256,40
10,256,72
40,256,23
12,256,83
33,71,55
94,256,81
68,256,53
8,256,5
89,256,55
69,256,20
95,256,42
43,256,94
60,256,0
11,256,5
0,256,73
12,256,10
90,256,50
2,256,7
54,256,46
45,256,81
65,256,25
50,256,29
3,197,27
68,256,26
17,256,69
35,54,48
81,129,40
32,256,73
9,256,62
99,256,92
77,256,97
84,256,23
22,42,80
30,256,16
23,256,26
36,32,31
73,256,40
80,256,58
92,256,60
92,158,59
31,189,81
9,256,55
86,256,32
91,256,32
26,256,69
85,256,23
30,256,55
12,256,27
54,256,50
39,256,75
76,256,7
45,256,75
67,256,51
51,189,41
57,256,81
19,256,23
48,256,42
81,48,26
55,29,55
38,256,55
27,256,55
54,256,69
81,256,50
84,256,50
0,256,61
64,189,88
42,256,26
77,256,34
52,256,51
92,256,73
82,256,72
12,256,53
89,256,73
53,256,100
21,256,50
18,256,42
92,256,59
36,256,50
44,256,23
35,256,50
31,256,51
62,156,49
41,256,50
65,256,55
28,256,65
20,256,52
92,256,12
33,256,29
21,256,27
86,256,26
72,256,97
18,256,12
56,256,51
88,147,50
76,256,22
71,256,62
48,256,50
12,221,36
45,256,43
60,256,93
99,256,73
84,209,23
24,256,55
37,256,21
86,256,23
76,256,51
84,256,73
51,256,42
60,256,55
97,256,23
29,256,24
65,256,34
88,189,26
7,256,32
83,256,50
59,256,69
96,125,30
53,256,83
32,256,81
79,256,26
87,256,2
33,84,51
46,256,29
22,256,94
38,256,32
47,125,21
24,256,54
3,256,29
54,256,46
85,256,73
65,256,31
75,256,69
4,256,29
80,256,62
76,256,23
92,256,55
84,256,55
61,256,3
31,256,55
66,256,5
39,256,65
29,256,29
35,256,3
91,256,80
64,256,26
7,256,55
80,256,83
96,256,55
89,256,40
83,256,43
32,256,46
1,256,31
85,229,55
75,256,81
9,256,23
25,256,50
87,256,51
59,256,88
38,256,37
82,256,49
27,256,10
6,256,16
26,189,26
34,256,27
14,256,81
14,256,81
46,256,26
70,256,23
17,256,51
84,256,69
97,256,27
49,256,73
69,256,50
59,256,12
50,147,27
86,256,81
61,32,81
40,256,60
66,256,62
50,256,36
29,256,23
49,256,81
26,256,12
53,256,59
73,256,51
85,256,55
46,158,50
81,256,5
25,256,55
68,256,26
71,256,50
14,256,72
87,256,75
37,256,40
86,256,75
72,256,80
28,256,83
93,189,81
62,256,59
72,256,31
41,256,19
98,256,6
51,256,51
46,256,46
36,158,6
20,256,84
57,256,50
1,256,80
96,125,88
16,256,78
38,256,55
59,256,29
85,256,50
95,256,81
23,256,26
14,256,51
53,256,6
50,256,69
2,256,43
9,256,46
42,256,26
21,32,51
12,77,0
73,256,0
29,256,93
81,256,73
63,256,75
64,9,6
89,32,23
97,256,31
63,256,49
84,256,40
84,256,22
6,256,55
3,189,88
9,256,81
44,256,26
7,256,5
39,256,43
1,256,93
68,256,40
83,256,7
71,256,62
69,256,51
84,256,51
23,256,51
51,256,73
40,256,88
63,256,27
17,256,0
31,256,5
48,256,79
48,256,50
2,256,50
50,37,81
66,256,73
98,256,23
44,48,51
12,256,50
14,25,72
56,256,0
58,256,3
70,256,77
85,256,69
70,256,73
94,256,3
41,256,23
97,256,55
5,256,69
80,256,51
15,256,10
62,256,12
2,256,7
58,256,0
56,153,10
13,256,64
72,256,36
97,256,54
25,256,0
87,256,0
19,256,55
92,32,59
24,256,16
34,256,73
93,256,73
45,256,40
78,256,10
68,115,6
89,125,81
31,256,51
73,256,50
85,256,26
50,256,39
95,256,60
80,256,29
96,256,26
76,256,5
32,256,27
77,256,50
19,10,53
59,256,29
84,256,55
48,256,87
10,189,81
32,256,10
98,256,50
33,256,29
69,10,65
14,256,55
69,256,81
36,54,73
72,256,40
65,203,51
94,256,47
86,256,81
64,256,81
16,256,0
90,256,55
56,256,55
4,256,55
96,256,62
83,256,73
71,209,5
51,256,59
41,256,50
65,256,23
61,42,75
63,256,0
96,256,51
62,256,12
85,256,55
74,33,10
57,256,24
23,256,47
20,256,5
38,256,51
15,256,73
25,256,23
72,256,26
62,256,91
37,256,81
62,256,13
15,256,32
47,153,55
75,256,47
26,256,43
28,256,23
27,189,10
37,256,40
58,256,3
46,91,38
48,68,23
52,256,51
79,256,73
71,256,55
7,256,7
60,256,65
60,256,22
38,256,99
49,256,0
62,256,25
0,32,43
19,256,51
46,256,0
90,256,50
5,256,69
22,256,0
34,158,28
75,161,10
41,256,5
65,256,9
51,256,81
65,256,31
46,131,0
1,256,46
14,256,28
17,256,55
65,256,23
98,256,23
45,256,88
14,32,50
90,256,29
35,256,72
30,256,28
8,256,97
21,256,27
28,256,92
18,256,69
65,256,92
32,256,0
34,256,10
48,256,23
75,256,51
29,256,7
92,256,59
76,256,40
30,184,9
93,115,51
4,54,73
37,256,69
82,256,97
9,256,32
11,131,23
54,256,60
8,256,32
43,256,28
67,256,27
30,256,28
8,256,10
40,256,50
53,256,100
1,256,41
93,256,55
26,256,10
93,256,60
6,256,86
87,256,73
22,256,65
91,256,23
24,256,7
75,256,73
34,256,0
86,256,75
8,256,50
8,108,73
42,83,88
51,189,9
94,256,0
81,256,50
18,256,51
85,256,62
48,256,50
35,91,0
20,256,23
50,256,4
19,256,26
55,256,81
26,256,7
64,32,6
78,125,27
15,256,81
72,256,5
93,256,67
65,256,73
95,256,40
87,256,94
72,256,10
35,256,81
27,83,21
36,256,23
97,256,81
73,256,42
35,256,73
12,256,73
24,256,27
70,256,40
4,256,26
26,256,80
71,256,40
34,256,26
67,256,46
20,172,69
85,256,0
74,256,71
99,91,62
92,256,23
99,256,36
21,256,50
50,256,23
36,256,59
82,256,47
95,256,0
71,256,58
61,256,55
23,256,93
15,256,46
77,256,46
40,256,62
74,256,81
25,256,40
19,256,5
67,48,42
6,256,55
61,256,77
68,256,26
46,256,31
5,256,0
10,256,83
11,256,50
41,256,50
55,256,51
96,256,53
57,256,46
30,256,26
96,256,28
88,189,50
92,256,55
72,256,55
51,256,77
19,256,43
40,32,55
2,256,9
76,184,62
54,256,26
22,256,43
68,256,82
70,256,4
0,162,77
5,256,81
42,256,73
11,256,73
61,256,43
88,256,12
67,256,9
77,256,42
34,256,73
29,256,87
97,256,28
13,256,40
29,256,73
8,256,94
15,256,0
70,162,72
29,256,81
19,256,0
40,256,65
47,99,65
8,256,81
50,256,28
26,256,81
89,256,50
58,256,23
86,256,69
85,256,65
61,256,6
96,256,30
75,256,53
80,256,88
95,256,10
17,256,69
93,256,29
80,129,55
3,256,65
53,32,100
23,256,51
55,256,52
27,256,26
40,256,32
9,256,60
42,256,10
50,244,26
92,256,7
87,256,51
43,256,30
42,256,54
79,256,55
52,256,88
9,256,23
32,158,81
42,241,73
57,256,3
56,256,51
99,256,80
57,256,4
81,256,53
9,256,62
70,256,7
51,256,73
50,256,51
42,256,69
10,32,52
70,184,40
40,256,65
40,256,23
63,256,51
50,244,10
19,256,29
62,256,42
28,48,99
94,256,81
52,256,29
86,256,99
98,256,50
13,256,40
70,166,12
9,256,73
19,189,65
15,256,28
68,256,55
66,256,88
24,256,65
63,256,73
56,256,55
60,256,2
12,256,40
53,256,43
36,256,29
98,256,50
20,256,6
92,256,12
24,256,92
16,256,27
26,256,23
12,256,73
33,256,43
45,256,4
71,10,24
61,256,67
30,184,26
45,256,67
75,256,51
94,256,81
29,189,73
48,91,81
97,256,46
95,256,51
12,256,51
80,256,73
63,256,23
85,256,40
33,256,36
23,256,55
32,256,78
46,256,51
70,256,26
51,256,42
8,256,23
29,42,73
56,256,53
11,256,77
60,166,22
48,256,26
21,256,55
21,256,26
60,256,23
56,256,71
63,189,28
42,256,77
33,83,88
79,256,40
17,256,40
20,158,74
16,256,23
7,256,71
91,256,55
34,256,75
14,256,91
92,256,7
6,256,51
89,256,42
13,256,50
85,256,55
96,256,55
27,256,27
81,256,69
63,256,73
59,256,14
10,256,61
78,256,81
18,256,22
53,256,100
17,189,51
27,256,26
43,256,43
61,256,16
54,256,16
25,256,12
79,256,88
68,256,93
31,256,26
69,10,55
64,256,13
83,256,11
41,174,5
23,256,51
35,256,73
96,125,0
20,256,2
87,256,0
90,256,40
52,125,12
26,158,80
83,256,43
67,256,51
20,256,60
20,256,0
7,256,81
83,256,5
27,256,29
45,256,50
68,256,28
93,256,81
86,256,0
12,256,55
60,256,22
73,256,53
99,256,3
1,256,12
92,256,27
80,256,12
26,256,46
58,256,51
88,256,81
97,256,26
88,256,23
19,256,51
34,256,88
23,256,10
19,256,53
13,256,55
44,256,96
48,256,43
58,256,50
16,256,32
63,256,46
80,256,32
55,256,51
4,256,72
32,256,88
46,256,0
98,256,62
32,256,50
45,256,23
87,256,94
97,256,51
12,256,51
8,256,23
45,256,23
92,256,59
31,256,55
62,256,60
61,256,100
89,256,23
62,256,21
78,256,88
83,203,78
45,86,69
85,256,51
28,256,46
37,256,32
54,256,50
30,256,81
95,256,50
7,256,26
59,256,10
24,256,7
94,256,21
7,256,79
94,256,65
94,172,0
11,256,68
42,256,10
65,256,21
47,25,59
40,256,11
38,256,55
4,256,26
80,256,50
82,256,55
46,256,23
75,256,54
51,256,81
74,256,54
34,256,73
5,48,69
85,256,53
30,256,55
74,256,81
22,256,32
95,68,7
81,256,55
92,256,69
91,256,26
52,256,69
51,256,81
44,256,80
62,203,43
65,256,73
76,256,46
84,256,81
0,256,7
43,256,28
48,256,32
67,256,26
62,256,86
89,256,55
83,256,78
18,256,88
31,256,40
19,256,12
8,256,55
68,256,29
97,256,51
3,256,27
83,256,59
70,153,73
39,256,50
0,256,100
86,256,97
77,256,10
58,256,13
19,256,29
89,256,69
90,256,40
81,91,49
61,256,54
41,256,50
80,256,88
52,256,53
66,256,26
68,256,93
80,256,26
43,256,26
11,91,22
25,177,75
27,48,26
35,256,80
50,256,12
88,256,81
14,256,81
75,256,50
53,256,38
3,256,50
5,256,0
35,131,23
82,256,51
7,256,74
90,256,99
61,158,38
7,256,81
91,48,9
1,256,69
5,256,55
17,256,55
72,32,40
41,256,50
94,91,36
33,125,55
67,256,10
33,256,10
39,256,40
23,203,88
6,256,65
31,256,40
63,256,69
71,256,69
67,256,26
93,256,15
84,197,22
46,172,23
74,256,10
33,153,51
77,256,29
65,256,55
50,256,62
98,256,53
51,256,12
72,256,69
36,256,43
3,256,81
41,125,62
47,256,86
54,256,73
87,256,83
37,256,50
75,178,26
74,256,26
71,256,40
14,256,6
57,256,96
9,256,45
44,256,81
57,256,23
83,256,77
45,256,23
61,256,67
52,91,90
63,256,26
89,256,55
10,256,83
85,256,23
39,256,40
7,256,55
25,256,0
98,256,77
74,256,28
70,256,60
70,256,13
49,256,0
70,256,72
87,256,0
90,256,50
15,256,50
65,256,14
97,256,26
36,256,16
83,256,73
82,256,90
51,256,29
32,256,73
7,256,59
74,256,26
80,256,10
2,256,50
28,256,62
78,256,9
40,203,23
36,256,10
91,256,28
91,256,23
99,256,23
73,203,62
24,256,36
83,256,72
42,256,55
92,256,43
90,256,65
50,256,27
82,256,20
24,256,81
65,256,1
16,174,72
40,256,65
39,125,2
7,256,36
31,256,26
10,256,25
51,256,42
96,256,51
51,189,62
29,256,23
66,189,10
83,256,59
30,256,47
84,256,81
29,256,43
5,256,55
10,201,3
53,256,100
74,256,83
72,256,43
34,256,55
15,256,83
44,256,94
25,256,0
66,256,50
10,256,50
55,256,59
48,256,55
95,256,42
63,256,26
64,256,23
77,256,26
3,256,7
13,158,3
18,256,51
92,256,7
55,256,29
13,256,31
30,189,50
29,189,81
91,256,81
91,256,81
61,256,80
75,129,54
58,256,43
60,256,94
70,256,60
46,256,31
52,256,42
94,158,75
89,256,88
90,256,83
56,256,55
57,256,33
43,256,92
60,256,69
45,256,0
30,256,55
59,256,28
78,256,56
6,256,55
80,83,10
80,256,73
54,256,23
83,256,16
60,256,41
76,256,55
92,256,32
18,256,31
14,256,80
26,256,23
9,131,81
81,256,81
85,256,55
32,256,50
63,256,23
43,256,81
56,256,6
87,256,0
78,256,39
45,256,46
99,256,9
70,256,13
8,256,65
12,256,50
65,256,29
80,256,26
58,256,50
17,256,0
39,111,55
53,256,100
66,189,23
48,256,73
25,256,55
88,256,51
32,256,50
97,256,81
87,256,50
37,256,29
40,256,55
91,256,23
16,256,0
27,83,51
33,256,26
86,116,85
89,32,23
5,256,0
76,256,0
83,256,26
74,256,73
85,24,79
24,256,55
93,256,51
32,256,55
76,256,96
45,256,73
5,256,50
52,153,29
46,158,50
72,256,10
40,209,55
58,256,40
84,256,64
6,256,51
91,256,40
38,256,26
35,256,83
66,83,88
25,256,0
79,158,74
57,256,73
23,256,26
14,256,16
15,256,88
86,256,0
75,256,26
45,256,23
6,256,12
22,256,43
33,256,30
76,256,96
52,256,53
41,256,40
90,256,50
22,42,80
34,256,81
45,256,73
66,256,94
7,256,50
95,256,42
11,256,6
1,256,16
23,256,71
3,256,51
22,256,21
5,256,26
80,83,26
93,256,6
27,256,97
86,256,4
69,256,10
92,203,82
53,256,56
54,256,23
63,256,51
18,125,55
84,256,81
66,256,31
8,256,69
59,256,71
8,256,15
42,256,73
62,256,12
29,256,88
30,256,51
73,256,47
2,256,69
96,256,51
39,44,51
4,256,24
22,256,26
45,256,73
83,256,13
58,256,46
73,184,9
18,256,55
84,256,23
4,256,53
5,256,81
2,256,78
18,256,73
23,203,43
29,256,9
85,256,81
34,256,51
42,256,81
16,174,4
86,256,23
65,256,55
95,256,40
45,256,46
97,125,48
0,256,7
20,256,73
46,256,50
44,256,28
86,256,23
92,32,49
29,256,72
85,256,50
82,256,23
91,256,55
82,256,7
17,256,73
38,168,81
58,131,55
12,256,55
26,91,59
54,256,50
28,256,27
58,10,55
79,256,21
1,256,7
4,256,46
95,256,59
10,256,75
3,256,23
33,256,51
23,256,59
91,256,24
73,256,26
1,256,67
1,256,0
35,256,50
10,147,9
19,256,93
88,256,49
11,256,15
29,256,50
56,256,55
0,256,78
54,256,55
61,256,80
20,256,65
13,256,32
17,256,69
53,256,78
89,256,0
18,256,27
81,256,5
6,256,62
96,256,51
41,256,27
26,256,10
26,256,53
25,256,6
60,256,55
22,256,69
73,256,0
4,256,73
47,256,32
24,256,50
18,256,29
78,256,29
17,256,43
7,256,29
0,256,100
87,256,0
26,256,88
95,256,51
14,256,81
56,256,88
18,256,36
12,209,51
54,256,10
21,256,81
79,256,29
8,256,32
43,108,73
39,44,55
24,256,20
40,54,80
53,256,59
35,256,0
21,256,26
31,256,28
8,256,51
57,32,9
33,256,55
82,256,16
35,256,73
6,256,27
5,256,23
40,256,55
65,48,93
22,256,23
16,256,69
64,256,10
57,256,0
98,256,50
64,256,3
88,256,43
55,256,5
58,256,62
27,256,55
36,256,22
13,256,0
91,256,7
84,256,50
9,256,23
5,256,79
9,256,65
65,192,31
85,256,74
70,256,26
59,256,12
93,147,27
2,256,12
59,24,28
79,256,21
70,102,77
34,256,55
97,256,10
86,189,0
49,256,55
18,256,35
55,3,42
70,256,12
73,24,50
38,256,0
34,197,51
61,256,20
69,256,49
37,166,0
64,256,74
24,131,55
3,256,40
78,158,80
74,256,10
33,256,37
35,256,0
1,256,46
84,256,73
22,256,23
86,212,81
4,256,73
91,256,81
13,256,5
90,256,29
68,256,29
60,256,9
84,256,16
0,256,7
34,256,26
18,256,13
32,256,23
92,256,60
14,256,34
96,256,53
35,256,50
86,256,27
3,256,27
89,256,69
79,256,10
15,256,34
66,256,22
35,256,25
50,256,81
12,256,51
41,256,55
31,256,73
34,256,22
93,256,96
84,256,81
26,256,46
74,256,10
78,256,28
50,158,23
57,256,4
54,256,23
2,256,50
95,256,88
44,256,81
66,256,50
60,256,93
26,256,26
58,256,88
82,256,23
67,135,81
98,256,15
89,256,9
28,256,4
55,256,31
95,256,5
76,256,94
60,42,88
76,256,6
91,131,7
37,256,0
2,256,69
3,147,26
62,256,59
43,256,65
91,256,28
48,256,55
63,256,28
34,256,15
56,256,27
34,256,58
53,256,78
3,256,26
28,256,23
8,256,43
40,256,81
44,256,26
33,256,94
61,256,3
60,256,74
73,256,51
61,256,81
26,256,27
59,256,31
4,256,51
49,256,39
92,32,59
92,256,4
6,208,62
72,256,62
86,256,75
18,256,73
20,256,96
55,256,73
0,256,94
85,256,23
75,189,51
18,256,6
23,256,51
74,256,73
95,256,80
81,256,50
58,256,12
73,256,40
60,256,75
21,256,51
14,256,43
19,256,68
87,256,50
47,256,81
79,256,9
90,256,3
75,256,23
73,84,26
15,256,53
41,91,27
39,256,16
99,256,80
11,256,73
94,256,40
45,256,81
91,256,46
36,256,81
77,256,29
3,256,50
75,256,65
92,256,59
94,37,73
61,256,9
50,256,50
38,256,55
12,256,55
1,256,0
0,256,73
30,256,50
84,32,23
98,256,7
29,256,80
7,256,26
18,189,55
48,256,50
89,256,15
91,256,43
84,174,23
63,256,35
62,256,73
31,256,51
40,256,23
55,256,37
30,256,37
61,158,6
86,256,23
47,256,10
33,256,12
11,158,78
25,256,62
14,208,43
28,256,55
75,256,50
11,256,0
81,256,32
61,256,20
73,256,51
79,256,55
5,256,55
88,174,26
56,256,80
81,256,40
31,256,50
84,256,81
69,256,62
30,256,51
6,256,60
68,256,53
70,32,60
12,256,40
74,256,10
7,256,26
21,256,42
55,256,82
71,256,22
5,256,69
14,256,81
48,256,5
18,256,88
0,256,83
70,32,77
38,256,50
26,197,81
24,256,65
69,256,5
16,256,0
9,256,58
42,256,46
41,256,78
39,44,81
27,125,26
0,256,83
70,153,73
85,33,55
9,256,94
43,256,0
79,256,55
77,256,42
75,48,58
74,256,28
80,83,51
42,189,26
67,256,72
8,256,55
0,256,100
36,256,25
89,256,40
43,256,26
46,256,23
69,256,46
56,256,37
42,256,26
10,256,3
71,256,55
98,256,0
55,256,88
40,256,80
16,256,55
0,256,59
21,256,26
2,256,41
1,256,78
64,256,50
52,256,30
43,256,69
83,256,7
65,256,10
68,256,40
18,3,29
1,256,81
25,256,26
96,256,40
46,256,80
47,172,0
90,256,55
2,256,50
28,256,23
37,256,22
61,256,80
31,256,73
77,256,91
4,256,29
92,256,95
38,256,51
93,256,16
28,131,23
39,256,84
18,256,10
41,256,62
44,256,26
49,209,9
1,256,25
11,256,56
19,48,51
91,256,81
82,256,20
4,256,54
60,189,69
34,256,86
56,256,51
19,256,3
32,256,50
74,256,10
87,111,65
99,256,41
72,256,26
98,158,0
8,256,83
58,256,45
93,184,42
87,256,40
87,256,50
24,256,61
35,256,23
43,256,46
52,256,53
6,256,88
4,256,0
33,147,65
8,256,55
63,256,10
26,256,23
34,256,26
39,256,80
97,256,26
47,24,51
75,256,51
33,256,3
87,256,75
49,256,22
46,158,15
16,256,99
33,256,55
76,256,36
41,125,62
97,256,30
8,256,55
75,256,68
17,256,31
80,256,28
93,184,83
27,125,88
4,256,73
41,256,53
49,256,5
30,256,40
31,256,50
21,256,73
77,256,73
90,256,12
54,256,55
87,256,11
86,256,7
37,189,47
47,256,29
66,256,62
2,54,50
73,256,0
55,256,26
25,256,50
62,256,27
26,256,73
19,256,41
28,32,79
15,256,94
14,256,69
59,256,62
69,256,55
45,256,7
92,54,59
39,256,9
42,256,88
58,256,5
49,256,0
48,256,50
44,125,10
71,256,40
48,256,69
69,256,5
9,256,65
77,256,2
25,256,75
35,256,27
23,256,10
66,256,81
66,256,97
88,256,52
82,256,77
1,256,81
39,132,51
88,174,72
93,184,22
82,256,0
7,256,62
17,256,55
56,256,62
40,256,81
70,256,72
1,256,31
68,256,55
59,256,29
69,209,55
45,189,55
16,256,26
6,206,13
85,256,9
12,256,50
99,256,43
88,256,15
40,10,23
68,256,50
36,256,27
23,256,47
17,256,51
13,256,3
20,256,81
46,256,78
75,189,22
61,91,97
70,256,41
58,256,81
42,256,88
51,256,12
75,256,81
73,256,97
70,256,42
37,256,51
28,256,4
90,256,23
95,256,10
88,147,99
68,256,50
38,256,51
95,256,9
77,256,62
16,256,23
58,256,53
99,158,3
39,256,42
56,256,26
17,256,65
33,83,27
77,256,6
63,256,27
87,256,94
75,256,81
4,256,51
16,256,42
94,172,69
55,256,3
76,256,48
60,256,0
97,256,26
1,256,50
0,256,83
75,256,46
31,256,51
55,256,65
71,256,22
75,256,54
52,153,51
6,256,26
43,256,81
14,189,24
84,256,23
14,256,62
51,256,47
1,256,43
88,256,26
53,256,78
66,256,28
5,256,69
56,256,23
32,256,23
52,256,69
40,256,51
24,256,23
86,256,55
54,256,88
54,256,46
88,256,73
61,256,99
87,256,96
54,256,23
24,256,93
10,256,23
85,256,55
17,256,74
90,256,32
22,256,3
86,256,81
77,256,50
79,256,51
94,256,55
45,189,26
0,256,100
39,256,32
89,256,77
82,256,94
41,91,50
87,256,69
91,189,23
73,256,50
4,256,97
62,256,93
72,256,40
98,172,32
10,256,20
11,158,23
28,256,81
38,256,73
74,256,26
70,256,12
13,256,0
7,256,55
15,256,81
24,256,10
76,256,50
98,256,50
67,256,22
79,256,51
15,256,55
47,256,29
47,256,77
93,256,26
73,192,62
13,129,55
26,256,72
70,256,34
95,256,26
60,256,40
70,228,45
11,256,22
82,256,72
66,256,55
34,256,44
6,256,51
65,256,46
62,256,9
74,256,89
46,256,10
36,197,49
88,256,51
96,256,21
48,256,3
79,256,51
50,256,26
19,256,75
83,256,59
66,256,50
68,256,33
97,256,30
64,256,46
16,256,77
61,256,9
16,256,21
84,256,88
18,189,83
29,256,81
63,256,29
57,256,51
9,256,55
38,256,47
43,256,10
74,256,73
15,256,75
1,256,43
67,256,88
91,168,26
1,256,26
84,256,26
69,256,55
13,256,55
10,256,11
33,23,83
80,256,73
68,256,0
30,256,40
8,256,32
3,256,26
13,256,0
45,256,59
18,256,81
20,10,34
35,256,81
28,256,23
93,256,97
5,256,40
53,206,59
34,256,81
27,256,28
93,256,42
18,102,12
44,256,0
93,184,42
37,256,50
77,111,9
46,256,50
31,256,91
69,256,74
47,153,30
57,256,55
30,256,10
85,256,55
80,256,59
1,256,4
82,256,23
45,256,22
66,256,0
18,256,26
58,256,40
31,256,5
42,256,72
23,256,88
90,256,23
18,256,12
83,256,59
19,256,26
51,256,60
80,256,88
23,256,51
64,147,41
61,256,48
40,135,23
51,256,92
99,91,80
28,256,65
19,256,69
63,256,26
7,256,83
97,256,10
78,256,28
34,256,7
84,256,26
13,256,50
50,131,81
17,256,0
28,256,23
29,256,55
10,48,46
57,256,43
83,256,30
83,256,59
53,256,59
73,256,51
7,256,74
59,256,51
82,203,16
34,256,26
15,147,50
68,256,69
68,102,12
34,256,50
82,256,43
75,256,28
37,256,40
8,256,50
94,158,31
16,256,73
24,256,7
21,256,88
8,256,55
96,256,55
53,25,72
49,256,55
38,83,40
85,129,69
27,256,36
32,256,50
96,168,2
20,209,83
29,256,55
43,256,35
69,105,55
94,256,55
26,158,23
92,256,55
23,203,93
91,256,23
34,256,54
48,256,55
71,256,51
53,256,43
25,172,65
0,228,73
59,256,73
57,256,73
69,256,55
73,256,10
27,189,10
12,256,94
42,256,51
61,42,38
21,256,81
72,191,40
88,256,55
28,256,0
15,256,73
24,10,65
1,256,59
77,147,71
67,256,51
82,228,67
5,256,81
64,256,10
51,256,26
52,256,50
79,256,26
70,32,77
46,256,73
1,256,46
59,256,12
87,256,40
68,256,55
88,256,2
76,256,6
45,256,59
15,256,94
79,256,7
1,91,12
35,32,23
94,256,55
79,256,65
16,256,75
49,256,9
26,256,23
72,256,50
60,256,28
73,184,55
9,256,47
75,256,65
5,172,69
72,91,26
27,256,88
67,244,26
38,256,31
18,256,30
45,256,10
36,256,23
40,256,0
96,256,51
35,256,40
7,121,37
85,256,41
30,256,36
14,256,88
51,256,53
79,256,55
76,256,0
99,256,83
86,256,18
15,256,55
29,256,62
63,256,54
66,256,73
62,256,72
80,256,31
24,256,7
57,256,23
43,256,51
78,256,39
33,125,10
99,256,81
95,184,50
93,256,51
72,115,22
71,256,55
77,256,51
86,256,6
64,256,42
4,256,55
23,256,51
62,256,51
50,256,81
17,256,50
98,256,60
21,256,0
32,256,52
57,256,80
99,256,80
2,256,56
6,256,0
70,256,0
82,256,43
82,256,50
94,256,81
95,256,26
81,256,73
96,256,51
77,256,46
33,256,29
67,256,0
31,256,81
60,256,5
7,189,62
74,256,69
63,91,50
62,54,42
82,256,55
36,256,83
12,256,50
31,256,83
47,83,42
75,256,76
77,158,40
29,256,46
94,256,61
27,125,28
70,256,32
95,256,62
32,256,55
38,256,27
67,189,67
37,256,92
2,256,69
65,256,7
40,256,26
53,256,78
87,256,4
95,256,0
53,203,43
42,256,10
43,256,50
89,256,51
69,256,55
93,256,12
81,256,23
84,256,22
71,256,65
31,189,81
33,256,51
73,256,5
75,256,50
85,256,50
47,256,16
97,256,50
54,256,7
13,256,53
24,256,81
46,256,50
62,256,0
92,153,12
53,256,18
98,256,55
66,256,26
45,256,69
48,256,55
94,172,64
16,42,67
69,256,69
60,256,12
27,48,99
35,25,27
59,147,47
47,153,10
44,256,0
57,256,7
4,189,27
83,256,77
89,256,55
71,256,65
58,256,5
52,256,51
46,256,23
58,256,5
98,256,50
22,32,23
62,256,77
47,256,73
2,256,73
58,129,0
77,37,12
96,256,40
86,256,81
33,256,12
13,256,55
69,256,5
97,147,51
14,153,51
51,256,91
2,256,92
4,256,62
29,256,46
58,256,56
44,256,51
6,174,90
80,256,26
81,129,50
99,256,88
28,256,23
50,189,73
57,256,51
88,256,10
25,256,62
38,256,55
71,256,88
47,256,81
53,256,12
48,256,23
79,256,29
59,256,42
29,256,55
82,256,23
90,256,23
26,256,55
81,256,55
17,256,93
14,256,50
69,256,55
25,256,50
32,256,23
39,44,97
14,256,52
89,256,81
3,256,26
67,184,73
78,256,88
28,256,50
98,256,7
88,256,81
20,256,23
3,147,26
18,42,51
60,189,55
48,256,50
69,256,1
18,256,81
41,256,3
6,256,82
39,256,73
44,256,7
15,256,50
37,256,83
57,256,23
48,256,23
98,256,67
89,256,0
67,256,71
77,256,26
38,256,50
71,256,74
21,256,67
96,84,12
11,256,77
13,256,1
84,256,73
73,256,51
58,256,50
73,256,73
35,256,31
31,256,26
83,256,59
59,68,53
77,24,0
50,256,97
41,256,83
89,256,0
19,256,50
54,256,23
4,256,81
68,256,26
9,256,58
91,189,81
67,256,15
19,256,81
40,256,69
71,256,29
57,256,88
38,256,73
9,209,23
82,166,43
3,256,51
76,209,55
20,256,69
60,209,40
42,256,55
94,256,23
26,256,10
72,256,50
6,256,51
25,256,65
61,256,3
36,256,53
4,256,78
14,256,81
61,256,10
60,256,62
14,189,62
62,256,12
27,256,83
66,256,10
16,256,69
67,32,43
93,256,81
23,256,32
33,256,10
88,189,51
18,197,23
58,256,50
0,256,50
83,256,12
23,256,55
85,256,5
56,115,55
20,256,88
45,256,23
20,256,81
30,256,51
96,188,71
19,256,58
15,256,53
98,256,78
51,189,27
26,256,23
0,256,100
56,256,55
47,244,73
57,256,88
59,256,55
10,203,43
51,256,23
65,256,97
3,256,81
23,256,10
9,131,23
77,256,88
43,147,29
15,91,88
55,256,42
77,256,73
19,256,53
73,256,73
77,256,55
7,256,23
29,256,51
4,256,50
61,189,94
64,256,51
30,256,67
39,256,65
70,256,23
19,256,31
51,256,68
9,256,16
17,256,40
28,256,23
45,256,73
28,256,94
12,256,12
83,256,50
49,256,40
63,256,27
71,256,65
12,256,5
11,256,46
77,256,88
35,158,23
29,256,29
40,256,81
15,256,10
84,256,23
19,256,23
66,256,43
70,256,73
62,256,59
34,256,44
94,256,81
72,256,51
35,256,12
50,256,64
99,256,43
33,256,88
90,256,5
16,256,82
56,256,21
4,256,50
24,256,53
60,256,65
3,256,55
19,256,1
14,256,26
23,256,78
68,256,36
91,256,43
81,256,50
61,256,78
90,256,29
21,54,39
57,256,60
22,256,23
87,256,81
82,256,90
12,256,40
38,256,50
10,256,27
93,256,55
77,48,51
84,256,81
41,256,55
64,256,88
76,256,80
25,256,32
91,256,55
94,172,40
42,256,23
79,256,49
19,256,50
76,256,6
87,256,73
18,256,73
51,256,23
1,256,42
50,256,81
37,42,81
6,256,88
45,256,23
23,256,51
0,256,100
55,256,10
91,147,51
89,256,88
95,256,40
48,91,0
45,256,60
54,256,6
69,256,55
82,256,43
68,256,88
56,256,55
94,256,24
80,256,26
40,158,53
67,256,47
71,256,23
5,256,0
50,256,26
60,256,55
79,256,46
0,256,100
44,256,4
55,147,26
46,256,50
80,256,93
2,256,46
32,256,50
92,256,72
45,158,45
69,256,65
97,256,51
13,256,50
30,256,55
27,256,73
74,256,46
8,256,62
17,256,55
42,256,73
91,256,62
11,256,50
36,256,62
69,256,37
50,256,26
57,256,83
84,256,81
90,256,52
85,256,55
3,256,50
91,256,96
79,256,26
76,256,36
13,256,50
8,256,97
92,256,25
69,68,73
82,256,90
7,256,81
73,48,92
89,256,5
32,256,27
42,256,51
39,166,16
26,256,10
80,256,69
74,256,26
15,256,2
74,256,81
16,256,72
57,256,26
94,256,24
60,221,93
33,256,26
83,256,7
62,256,42
85,256,23
48,256,23
33,256,0
11,131,58
5,256,23
2,256,51
18,256,12
75,256,27
75,84,28
4,33,81
3,256,51
72,256,36
17,256,55
89,256,94
70,256,51
19,256,51
36,256,51
77,256,62
67,256,55
83,256,43
63,256,73
2,256,69
92,256,23
17,256,62
98,256,81
99,256,42
77,256,67
56,256,51
22,256,83
84,256,55
14,256,89
71,256,55
94,134,2
44,256,59
73,256,23
41,256,62
96,256,3
91,256,23
85,256,28
43,256,23
82,256,90
40,256,55
97,256,51
42,256,27
96,192,12
47,256,12
22,147,50
1,256,59
46,256,23
78,256,43
72,256,10
93,256,93
85,256,1
18,84,51
63,256,29
65,256,29
25,256,69
44,256,28
2,256,1
86,256,88
45,256,43
59,256,88
2,256,43
54,256,46
11,256,50
56,256,88
75,256,73
47,256,88
76,256,50
20,256,21
48,256,5
97,256,26
9,131,23
45,83,23
38,83,36
84,172,51
3,256,97
36,256,49
43,256,51
84,256,55
18,256,1
6,256,23
9,256,55
72,256,26
38,256,54
6,256,50
75,256,55
15,256,26
29,256,60
35,256,12
25,256,62
95,256,23
3,256,72
58,256,50
74,256,47
44,256,42
83,256,16
91,95,69
74,125,73
86,256,72
25,256,81
38,256,73
58,32,43
36,256,69
90,256,3
8,256,40
49,256,9
65,256,40
95,218,55
92,256,13
14,256,40
81,256,5
0,256,59
58,256,40
96,256,51
1,256,0
61,11,11
59,256,67
21,256,31
60,256,8
89,256,7
82,256,43
10,256,23
80,256,26
52,29,50
65,256,46
55,256,32
32,256,81
77,256,40
69,256,55
26,256,69
42,256,51
79,189,42
46,256,50
20,256,59
38,24,58
52,256,88
15,256,0
7,256,88
65,256,23
63,32,18
96,256,51
26,256,81
29,256,81
3,256,53
79,256,40
39,256,22
30,256,28
99,256,32
2,256,81
8,256,10
19,256,67
52,256,65
69,256,40
58,256,40
54,256,30
82,203,23
3,256,73
82,256,10
93,256,88
70,256,59
99,256,55
21,256,72
17,256,47
56,256,28
64,256,26
74,256,26
1,256,50
62,256,59
61,42,83
85,256,50
78,256,73
58,256,96
28,256,48
53,256,83
74,256,29
47,256,90
5,256,65
34,256,46
81,256,94
64,256,55
77,256,81
30,256,47
66,256,45
4,256,10
45,256,69
30,256,42
98,256,50
44,256,58
95,256,10
87,256,75
63,256,26
87,256,65
26,256,69
41,125,62
70,203,83
22,256,69
21,256,26
32,256,0
90,256,40
36,256,81
85,131,40
74,256,28
87,256,75
21,256,27
87,256,12
71,256,9
53,203,50
27,91,5
63,256,28
1,256,26
8,256,0
93,256,80
98,54,6
61,32,80
88,42,73
37,256,40
10,256,11
83,256,94
91,256,26
85,125,51
34,256,26
24,256,81
50,256,6
49,256,55
12,256,50
28,91,46
74,189,55
44,256,7
58,256,40
45,256,23
87,256,3
79,256,55
32,256,9
14,256,3
47,256,65
31,256,51
77,256,26
59,256,10
60,256,41
71,209,5
25,256,88
67,256,40
81,189,0
98,256,43
54,256,73
67,256,22
17,256,69
21,256,73
1,256,22
88,256,72
21,256,23
77,256,67
95,256,28
91,256,55
12,256,55
15,256,12
82,256,60
22,256,50
16,256,32
66,256,28
25,256,75
1,256,50
29,256,51
29,256,83
73,184,33
27,125,28
81,256,80
63,256,10
53,147,86
23,256,88
13,256,21
86,256,80
44,256,26
71,29,5
28,256,23
75,147,88
98,256,55
64,158,6
79,256,26
16,256,23
8,256,43
77,256,51
22,256,3
81,256,27
87,209,40
10,256,26
65,256,55
62,256,86
49,189,36
70,191,77
57,256,23
74,256,55
64,256,2
40,256,80
91,256,22
23,256,42
13,256,50
80,256,36
6,256,55
42,256,2
46,256,50
30,256,55
95,147,42
35,158,50
5,256,58
41,256,50
36,256,78
59,256,26
12,256,55
43,256,23
86,48,81
97,256,40
53,256,26
50,256,16
80,256,51
3,32,50
61,256,80
20,256,83
22,256,3
57,256,23
25,256,81
71,256,30
55,256,54
68,256,22
20,256,68
33,256,74
67,256,73
87,256,83
16,256,23
41,256,55
66,256,76
44,256,5
25,256,50
63,256,29
1,256,46
15,256,7
42,256,26
6,169,82
85,256,51
8,256,23
2,256,26
5,256,69
45,256,81
5,256,53
71,189,55
56,256,79
99,256,62
73,241,88
78,256,88
2,166,43
76,256,26
50,189,51
30,256,51
53,48,4
91,256,9
81,256,50
65,256,65
92,256,73
23,256,49
11,256,65
95,256,1
40,147,26
30,256,65
62,256,16
35,256,81
23,256,51
78,256,18
96,256,51
67,256,51
36,244,26
8,256,2
15,256,55
4,256,81
80,256,26
27,256,73
60,256,74
7,256,16
54,256,83
48,256,5
16,256,26
57,256,23
94,256,4
30,24,28
92,86,23
43,158,10
62,102,78
58,256,12
19,256,27
23,256,88
38,83,26
28,256,23
96,256,26
95,256,55
10,256,94
99,256,94
86,29,81
53,256,4
89,256,3
11,256,73
52,256,0
58,256,40
54,256,88
85,256,32
74,256,27
72,256,97
82,256,43
72,194,54
73,256,69
43,256,81
37,256,65
34,83,12
47,256,43
52,256,31
40,256,46
53,256,100
45,189,26
8,256,55
83,256,42
3,54,6
90,256,50
40,256,74
28,256,55
53,256,72
32,256,26
59,191,31
4,256,26
33,256,55
62,158,23
89,256,0
44,256,81
12,256,55
4,256,10
89,24,51
98,256,73
78,256,55
82,256,1
91,256,29
31,256,73
91,256,23
47,91,53
9,131,23
73,91,46
69,256,10
36,256,67
57,256,55
91,256,28
95,256,55
37,42,31
61,256,3
83,256,59
69,256,55
11,256,69
80,256,51
76,256,51
31,256,42
10,256,100
90,256,10
98,256,65
94,256,64
24,256,46
39,256,81
1,256,4
33,256,51
29,256,26
29,256,81
7,256,55
39,256,40
15,256,40
99,256,81
3,256,54
41,256,55
66,256,51
80,256,88
27,256,39
45,256,81
55,256,73
32,256,55
5,256,55
45,256,26
9,256,58
72,256,10
33,256,51
38,256,93
40,256,46
24,256,81
59,256,51
65,256,25
46,54,50
38,256,18
23,256,71
39,256,55
25,256,50
97,256,23
66,256,0
46,256,0
52,256,28
29,256,29
56,256,51
98,256,69
82,256,78
41,189,49
38,256,96
51,256,26
79,256,51
19,256,23
18,256,73
95,256,51
64,256,10
78,256,83
96,256,51
49,256,56
64,256,31
40,256,93
36,256,23
97,256,65
40,256,65
45,256,26
49,256,15
62,256,59
10,54,11
56,147,10
4,83,10
77,256,60
81,256,40
91,256,83
5,256,2
87,256,0
3,256,26
50,256,59
80,256,62
86,256,80
89,256,51
17,256,50
12,256,40
80,256,10
72,256,23
79,256,55
67,256,28
40,48,4
13,256,96
98,256,26
37,256,55
21,256,6
76,256,93
32,256,23
59,256,29
49,256,0
30,256,81
60,256,55
80,256,81
51,256,81
66,256,73
87,256,0
38,189,97
63,256,27
53,256,78
4,256,81
48,256,69
24,131,50
13,25,88
31,256,5
29,256,96
84,256,40
46,174,7
61,256,80
24,256,23
34,256,10
98,256,96
45,256,69
99,256,41
27,125,81
51,256,100
91,256,62
0,256,43
72,54,6
50,91,29
57,256,72
4,197,42
60,256,74
81,256,29
86,256,23
9,256,51
11,256,50
92,48,46
99,256,83
77,158,50
57,256,60
14,256,23
2,256,75
70,256,73
69,256,55
69,256,60
32,256,75
79,153,51
44,256,51
58,256,31
0,256,100
20,256,50
7,256,62
45,10,55
82,256,100
79,256,51
58,131,40
73,256,88
58,256,96
75,256,26
85,256,27
55,256,12
70,256,51
29,256,55
97,256,26
11,158,50
53,256,26
37,256,51
73,125,9
28,256,69
86,256,81
50,256,26
24,256,48
31,256,51
95,256,55
1,256,72
2,256,50
36,256,23
59,256,69
99,256,27
55,256,81
85,256,55
0,256,100
23,140,51
64,256,40
82,256,88
62,256,100
31,256,50
86,256,81
57,256,27
72,256,26
73,256,51
42,256,10
91,256,15
84,256,55
85,256,10
90,256,40
69,256,1
82,256,72
21,256,5
89,256,5
68,42,93
68,256,93
76,91,40
31,256,28
58,256,0
8,256,23
37,256,55
13,256,53
30,256,0
78,256,54
43,256,59
33,125,26
99,256,40
42,256,10
12,256,55
92,256,73
8,256,93
82,256,100
78,256,94
97,256,55
62,256,12
74,256,51
4,256,12
69,54,0
29,256,81
97,256,26
74,256,26
56,224,55
18,256,28
74,256,62
3,256,50
95,256,51
54,256,23
53,256,59
45,256,81
16,256,23
73,256,51
29,256,94
33,256,10
6,256,27
86,256,55
19,256,55
97,256,51
4,256,29
9,256,50
53,89,62
89,256,83
18,256,49
87,256,0
26,256,23
49,256,51
11,256,69
14,256,55
65,256,12
83,256,88
3,256,58
27,256,22
30,54,50
52,256,53
74,256,47
29,256,51
96,256,73
90,256,5
14,256,51
77,84,51
65,256,50
7,256,26
75,147,88
27,256,40
16,256,88
30,256,41
50,256,51
83,256,73
14,256,68
51,24,12
42,256,26
70,256,23
